domain,organisation,status,evidence_tier,endpoints,server_name,server_kind,oauth,open_dcr,pkce,auth_note,oauth_issuer,scopes,doc_url,platform_note
000webhost.com,000Webhost,none,,,,,no,,,,,,,
0x.org,0X,confirmed,live,https://docs.0x.org/mcp,fern-docs-mcp-server,docs-platform server,no,,,no auth required,,,,
1000-premiers-jours.fr,1000 Premiers Jours,none,,,,,no,,,,,,,
10ktf.com,10Ktf,none,,,,,no,,,,,,,
1debit.com,1Debit,no_dns,,,,,no,,,,,,,
1inch.com,1Inch,confirmed,protected,https://api.1inch.com/mcp,,,yes,yes,yes,,https://api.1inch.com,,https://api.1inch.com/mcp/protocol`,
1inch.network,1Inch,none,,,,,no,,,,,,,
1password.com,1Password,confirmed,live,https://www.1password.dev/mcp | https://www.1password.dev/mcp/,,,no,,,no auth required,,,,
1w.cash,1W,none,,,,,no,,,,,,,
1w.run,1W,none,,,,,no,,,,,,,
1win.com,1Win,none,,,,,no,,,,,,,
20min.ch,20Min,none,,,,,no,,,,,,,
23andme.com,23Andme,none,,,,,no,,,,,,,
23andme.org,23Andme,none,,,,,no,,,,,,,
23andme.us,23Andme,no_dns,,,,,no,,,,,,,
23andmeresearchinstitute.org,23Andmeresearchinstitute,none,,,,,no,,,,,,,
2gud.com,2Gud,no_dns,,,,,no,,,,,,,
32red.com,32Red,none,,,,,no,,,,,,,
37signals.com,37Signals,none,,,,,no,,,,,,,
3cx.com,3Cx,none,,,,,no,,,,,,,
3lateral.com,3Lateral,none,,,,,no,,,,,,,
3mosquitos.mercadolibre,3Mosquitos,no_dns,,,,,no,,,,,,,
4njbets.com,4Njbets,none,,,,,no,,,,,,,
5nine.com,5Nine,none,,,,,no,,,,,,,
8x8.cloud,8X8,no_dns,,,,,no,,,,,,,
8x8.com,8X8,none,,,,,no,,,,,,,
8x8.id,8X8,none,,,,,no,,,,,,,
8x8.studio,8x8,confirmed,prm,https://mcp.8x8.studio/mcp | https://mcp.8x8.studio/sse | https://mcp.8x8.studio/ | https://mcp.8x8.studio/v1/mcp | https://mcp.8x8.studio/api/mcp | https://mcp.8x8.studio/mcp/,,,yes,yes,yes,,https://mcp.8x8.studio,mcp:* mcp:agents:* mcp:tools:* mcp:read,https://docs.8x8.com/8x8WebHelp/8x8-ai-studio/Content/AI-studio/set-up-tools.htm,
8x8.uk,8X8,none,,,,,no,,,,,,,
8x8.vc,8X8,none,,,,,no,,,,,,,
8x8cloud.net,8X8Cloud,no_dns,,,,,no,,,,,,,
8x8e2e.com,8X8E2E,inconclusive,network unreachable,,,,no,,,,,,,
8x8hosts.internal,8X8Hosts,no_dns,,,,,no,,,,,,,
8x8hosts.pilot,8X8Hosts,no_dns,,,,,no,,,,,,,
8x8pilot.com,8X8Pilot,none,,,,,no,,,,,,,
8x8staging.com,8X8Staging,no_dns,,,,,no,,,,,,,
8x8testa.com,8X8Testa,inconclusive,network unreachable,,,,no,,,,,,,
8x8testb.com,8X8Testb,inconclusive,network unreachable,,,,no,,,,,,,
aba.application,Aba,no_dns,,,,,no,,,,,,,
abem.io,Abem,no_dns,,,,,no,,,,,,,
abema-tv.com,Abema Tv,no_dns,,,,,no,,,,,,,
abema-tv.org,Abema Tv,no_dns,,,,,no,,,,,,,
abema.io,Abema,none,,,,,no,,,,,,,
abema.tv,Abema,none,,,,,no,,,,,,,
abercrombie.abercrombie,Abercrombie,no_dns,,,,,no,,,,,,,
abercrombie.com,Abercrombie,none,,,,,no,,,,,,,
abercrombie.hollister,Abercrombie,no_dns,,,,,no,,,,,,,
abritel.fr,Abritel,none,,,,,no,,,,,,,
abs.com,Abs,none,,,,,no,,,,,,,
access.android,Access,no_dns,,,,,no,,,,,,,
accesspoint.uz,Accesspoint,none,,,,,no,,,,,,,
acesso.io,Acesso,none,,,,,no,,,,,,,
acorns.com,Acorns,none,,,,,no,,,,,,,
acrobat.com,Acrobat,none,,,,,no,,,,,,,
acronis.abc,Acronis,no_dns,,,,,no,,,,,,,
acronis.acronistrueimage,Acronis,no_dns,,,,,no,,,,,,,
acronis.com,Acronis,confirmed,prm,https://partner.acronis.com/mcp | https://partner.acronis.com/mcp/,,,yes,yes,yes,,https://partner.acronis.com,mcp:read mcp:write,,
acronis.work,Acronis,none,,,,,no,,,,,,,
activitylog.io,Activitylog,none,,,,,no,,,,,,,
adaptive-shield.com,Adaptive Shield,none,,,,,no,,,,,,,
adgjmp.net,Adgjmp,no_dns,,,,,no,,,,,,,
admhmao.ru,Admhmao,none,,,,,no,,,,,,,
adminml.com,Adminml,no_dns,,,,,no,,,,,,,
adobe.adobe-reader,Adobe,no_dns,,,,,no,,,,,,,
adobe.com,Adobe,confirmed,prm,https://cx-coworker-gateway.adobe.io/mcp | https://cx-coworker-gateway.adobe.io/mcp/ | https://targetmcp.adobe.io/mcp | https://targetmcp.adobe.io/mcp/,,,yes,yes,yes,,https://cx-coworker-gateway.adobe.io,openid profile email,,
adobe.echosign,Adobe,no_dns,,,,,no,,,,,,,
adobe.fas,Adobe,no_dns,,,,,no,,,,,,,
adobe.io,Adobe,confirmed,prm,https://cx-coworker-gateway.adobe.io/mcp | https://rtcdp-mcp.adobe.io/mcp | https://targetmcp.adobe.io/mcp | https://ajo-mcp.adobe.io/mcp,,,yes,yes,yes,,https://cx-coworker-gateway.adobe.io,openid profile email,,
adobe.lrmobile,Adobe,no_dns,,,,,no,,,,,,,
adobe.lrmobilephone,Adobe,no_dns,,,,,no,,,,,,,
adobe.psmobile,Adobe,no_dns,,,,,no,,,,,,,
adobe.reader,Adobe,no_dns,,,,,no,,,,,,,
adobe.workfront,Adobe,no_dns,,,,,no,,,,,,,
adobeaemcloud.com,Adobeaemcloud,confirmed,authwall,https://mcp.adobeaemcloud.com/mcp | https://mcp.adobeaemcloud.com/sse | https://mcp.adobeaemcloud.com/v1/mcp | https://mcp.adobeaemcloud.com/api/mcp | https://mcp.adobeaemcloud.com/mcp/ | https://mcp.adobeaemcloud.com/v1/sse,,,no,,,auth unclear (HTTP 403),,,https://mcp.adobeaemcloud.com/adobe/mcp/`,
adobeconnect.com,Adobeconnect,none,,,,,no,,,,,,,
adobecqms.net,Adobecqms,inconclusive,network unreachable,,,,no,,,,,,,
adobelogin.com,Adobelogin,none,,,,,no,,,,,,,
adobestock.com,Adobestock,none,,,,,no,,,,,,,
adsrvr.org,Adsrvr,none,,,,,no,,,,,,,
adstruc.com,Adstruc,none,,,,,no,,,,,,,
advisor-connection.com,Advisor Connection,no_dns,,,,,no,,,,,,,
affirm-odin.com,Affirm Odin,no_dns,,,,,no,,,,,,,
affirm.ca,Affirm,none,,,,,no,,,,,,,
affirm.com,Affirm,confirmed,live,https://docs.affirm.com/mcp,Affirm-Home,docs-platform server,yes,yes,yes,,https://dash.readme.com/oidc,openid offline_access mcp:read mcp:write email profile,,
afisha.ru,Afisha,none,,,,,no,,,,,,,
afterpay.com,Afterpay,confirmed,live,https://developers.afterpay.com/mcp,fern-docs-mcp-server,docs-platform server,no,,,no auth required,,,,
agency360.com,Agency360,inconclusive,network unreachable,,,,no,,,,,,,
agent.android,Agent,no_dns,,,,,no,,,,,,,
aikido.dev,Aikido,confirmed,rpcerror,https://apidocs.aikido.dev/mcp,,,yes,yes,yes,,https://dash.readme.com/oidc,openid offline_access mcp:read mcp:write email profile,,
aips-internal.com,Aips Internal,no_dns,,,,,no,,,,,,,
airbnb-aws.com,Airbnb Aws,no_dns,,,,,no,,,,,,,
airbnb.android,Airbnb,no_dns,,,,,no,,,,,,,
airbnb.app,Airbnb,inconclusive,network unreachable,,,,no,,,,,,,
airbnb.com,Airbnb,none,,,,,no,,,,,,,
airbnb.org,Airbnb,none,,,,,no,,,,,,,
airbnbcitizen.com,Airbnbcitizen,none,,,,,no,,,,,,,
airbnbpayments.com,Airbnbpayments,no_dns,,,,,no,,,,,,,
airtable.com,Airtable,confirmed,prm,https://mcp.airtable.com/mcp | https://mcp.airtable.com/mcp/,,,yes,yes,yes,,https://airtable.com/oauth2/v1,data.records:read data.records:write schema.bases:read schema.bases:write data.recordComments:read data.recordComments:write,https://support.airtable.com/docs/using-the-airtable-mcp-server,
aiven.io,Aiven,confirmed,authwall,https://mcp.aiven.live/mcp | https://mcp.aiven.live/mcp/,,,yes,yes,yes,,https://api.aiven.io,projects services accounts:read,,
aivencloud.com,Aivencloud,no_dns,,,,,no,,,,,,,
akamaized.net,Akamaized,none,,,,,no,,,,,,,
akhwien.at,Akhwien,none,,,,,no,,,,,,,
alasco.de,Alasco,confirmed,prm,https://mcp.alasco.de/mcp | https://mcp.alasco.de/sse | https://mcp.alasco.de/ | https://mcp.alasco.de/v1/mcp | https://mcp.alasco.de/api/mcp | https://mcp.alasco.de/mcp/,,,yes,yes,yes,,https://mcp.alasco.de,read modify,https://developer.alasco.de/mcp.html,
alasco.rocks,Alasco,none,,,,,no,,,,,,,
alfabank.ru,Alfabank,none,,,,,no,,,,,,,
alfadirect.ru,Alfadirect,none,,,,,no,,,,,,,
algorithm24.ru,Algorithm24,none,,,,,no,,,,,,,
alipayhk.com,Alipayhk,none,,,,,no,,,,,,,
alipayplus.com,Alipayplus,none,,,,,no,,,,,,,
allbridge.io,Allbridge,confirmed,live,https://mcp.allbridge.io/mcp | https://mcp.allbridge.io/ | https://mcp.allbridge.io/mcp/,allbridge-mcp,,yes,yes,yes,,https://mcp.allbridge.io,allbridge.mcp,https://docs-core.allbridge.io/ai/allbridge-mcp/http-and-auth,
allizom.org,Allizom,no_dns,,,,,no,,,,,,,
allsaints.me,Allsaints,inconclusive,network unreachable,,,,no,,,,,,,
alphasec.trade,Alphasec,none,,,,,no,,,,,,,
amazon-tacticalplanner.com,Amazon Tacticalplanner,none,,,,,no,,,,,,,
amazon.ae,Amazon,none,,,,,no,,,,,,,
amazon.amazon,Amazon,no_dns,,,,,no,,,,,,,
amazon.astro,Amazon,no_dns,,,,,no,,,,,,,
amazon.ca,Amazon,none,,,,,no,,,,,,,
amazon.cl,Amazon,none,,,,,no,,,,,,,
amazon.cn,Amazon,none,,,,,no,,,,,,,
amazon.com,Amazon Web Services,confirmed,live,https://developer.amazon.com/mcp,DevPortalSearchMCPServer,docs-platform server,no,,,no auth required,,,https://docs.aws.amazon.com/agent-toolkit/latest/userguide/getting-started-aws-mcp-server.html,
amazon.cosmos,Amazon,no_dns,,,,,no,,,,,,,
amazon.de,Amazon,none,,,,,no,,,,,,,
amazon.eg,Amazon,none,,,,,no,,,,,,,
amazon.es,Amazon,none,,,,,no,,,,,,,
amazon.fr,Amazon,none,,,,,no,,,,,,,
amazon.in,Amazon,none,,,,,no,,,,,,,
amazon.it,Amazon,none,,,,,no,,,,,,,
amazon.kindle,Amazon,no_dns,,,,,no,,,,,,,
amazon.mp3,Amazon,no_dns,,,,,no,,,,,,,
amazon.nl,Amazon,none,,,,,no,,,,,,,
amazon.pl,Amazon,none,,,,,no,,,,,,,
amazon.relay,Amazon,no_dns,,,,,no,,,,,,,
amazon.sa,Amazon,none,,,,,no,,,,,,,
amazon.se,Amazon,none,,,,,no,,,,,,,
amazon.sellerflexmobile,Amazon,no_dns,,,,,no,,,,,,,
amazon.sg,Amazon,none,,,,,no,,,,,,,
amazon.tails,Amazon,no_dns,,,,,no,,,,,,,
amazonalexa.com,Amazonalexa,none,,,,,no,,,,,,,
amazonaws.com,Amazon Web Services,confirmed,live,https://aws-mcp.us-east-1.api.aws/mcp | https://aws-mcp.eu-central-1.api.aws/mcp,AWSMCP,,yes,yes,no,,https://us-east-1.oauth.signin.aws/,,,
amazonone.androidapp,Amazonone,no_dns,,,,,no,,,,,,,
amazonpay.in,Amazonpay,inconclusive,network unreachable,,,,no,,,,,,,
amazonpayinsurance.in,Amazonpayinsurance,none,,,,,no,,,,,,,
amazonvideo.livingroom,Amazonvideo,no_dns,,,,,no,,,,,,,
amlbot.com,Amlbot,none,,,,,no,,,,,,,
amplitude-game.com,Amplitude Game,none,,,,,no,,,,,,,
amply.finance,Amply,confirmed,live,https://docs.amply.finance/~gitbook/mcp,mcp-typescript server on vercel,docs-platform server,no,,,no auth required,,,,
amrcollection.com,Amrcollection,no_dns,,,,,no,,,,,,,
amurobl.ru,Amurobl,inconclusive,network unreachable,,,,no,,,,,,,
analvids.com,Analvids,none,,,,,no,,,,,,,
anchor.android,Anchor,no_dns,,,,,no,,,,,,,
anchorfminc.anchor,Anchorfminc,no_dns,,,,,no,,,,,,,
android.app,Android,no_dns,,,,,no,,,,,,,
android.aware,Android,no_dns,,,,,no,,,,,,,
android.biz,Android,none,,,,,no,,,,,,,
android.blink,Android,no_dns,,,,,no,,,,,,,
android.carica,Android,no_dns,,,,,no,,,,,,,
android.claro,Android,no_dns,,,,,no,,,,,,,
android.com,Android,confirmed,live,https://androidmanagement.googleapis.com/mcp,StatelessServer,,yes,no,yes,,https://accounts.google.com/,https://www.googleapis.com/auth/androidmanagement,,
android.dashboard,Android,no_dns,,,,,no,,,,,,,
android.flickr,Android,no_dns,,,,,no,,,,,,,
android.keyboard,Android,no_dns,,,,,no,,,,,,,
android.live,Android,no_dns,,,,,no,,,,,,,
android.negotiator,Android,no_dns,,,,,no,,,,,,,
android.p2pmobile,Android,no_dns,,,,,no,,,,,,,
android.pa,Android,no_dns,,,,,no,,,,,,,
android.self,Android,no_dns,,,,,no,,,,,,,
android.shopping,Android,no_dns,,,,,no,,,,,,,
android.sixpmflavor,Android,no_dns,,,,,no,,,,,,,
android.telcel,Android,no_dns,,,,,no,,,,,,,
android.uk,Android,no_dns,,,,,no,,,,,,,
android.videoapp,Android,no_dns,,,,,no,,,,,,,
anduril.au,Anduril,inconclusive,network unreachable,,,,no,,,,,,,
anduril.com,Anduril,confirmed,rpcerror,https://developer.anduril.com/mcp,,,no,,,auth unclear (HTTP 406),,,,
anduril.dev,Anduril,none,,,,,no,,,,,,,
andurildev.au,Andurildev,no_dns,,,,,no,,,,,,,
andurildev.com,Andurildev,no_dns,,,,,no,,,,,,,
anfcorp.com,Anfcorp,none,,,,,no,,,,,,,
ankr.com,Ankr,confirmed,protected,https://mcp.ankr.com/mcp | https://mcp.ankr.com/mcp/,,,yes,yes,yes,,https://mcp.ankr.com,mcp:tools,https://www.ankr.com/docs/advanced-api/overview/,
anome.xyz,Anome,confirmed,live,https://docs.anome.xyz/~gitbook/mcp,mcp-typescript server on vercel,docs-platform server,no,,,no auth required,,,,
antbank.hk,Antbank,no_dns,,,,,no,,,,,,,
antom.com,Antom,none,,,,,no,,,,,,,
apefest.com,Apefest,none,,,,,no,,,,,,,
apex-football.com,Apex Football,none,,,,,no,,,,,,,
apexnews.com,Apexnews,none,,,,,no,,,,,,,
apexscores.io,Apexscores,none,,,,,no,,,,,,,
api-xperience.com,Api Xperience,none,,,,,no,,,,,,,
apigee.net,Apigee,inconclusive,network unreachable,,,,no,,,,,,,
app.android,App,no_dns,,,,,no,,,,,,,
app.customer,App,no_dns,,,,,no,,,,,,,
app.ios,App,no_dns,,,,,no,,,,,,,
app.maps,App,no_dns,,,,,no,,,,,,,
app.mobile,App,no_dns,,,,,no,,,,,,,
app.release,App,no_dns,,,,,no,,,,,,,
app.skybet,App,no_dns,,,,,no,,,,,,,
appdemo.apk,Appdemo,no_dns,,,,,no,,,,,,,
appdemo.app,Appdemo,inconclusive,network unreachable,,,,no,,,,,,,
apple.com,Apple,none,,,,,no,,,,,,,
applevacations.com,Applevacations,none,,,,,no,,,,,,,
application.zomato,Application,no_dns,,,,,no,,,,,,,
application.zomatomerchant,Application,no_dns,,,,,no,,,,,,,
appmiral.com,Appmiral,none,,,,,no,,,,,,,
aptoscan.com,Aptoscan,none,,,,,no,,,,,,,
aqtooling.com,Aqtooling,no_dns,,,,,no,,,,,,,
aquiris.studio,Aquiris,none,,,,,no,,,,,,,
aquiristech.com,Aquiristech,no_dns,,,,,no,,,,,,,
arbiscan.io,Arbiscan,none,,,,,no,,,,,,,
arc.net,Arc,none,,,,,no,,,,,,,
arc.network,Arc,confirmed,rpcerror,https://docs.arc.network/mcp,,,no,,,auth unclear (HTTP 405),,,,
arcanitegames.ca,Arcanitegames,no_dns,,,,,no,,,,,,,
arkadiko.finance,Arkadiko,confirmed,live,https://docs.arkadiko.finance/~gitbook/mcp,mcp-typescript server on vercel,docs-platform server,no,,,no auth required,,,,
arkoselabs.com,Arkoselabs,confirmed,prm,https://mcp.arkoselabs.com/mcp | https://mcp.arkoselabs.com/mcp/,,,yes,yes,yes,,https://mcp.arkoselabs.com,mcp:portal:read mcp:portal:write offline_access,https://developer.arkoselabs.com/docs/arkose-labs-api-guide,
arlo.com,Arlo,none,,,,,no,,,,,,,
arlocloud.com,Arlocloud,no_dns,,,,,no,,,,,,,
arloxcld.com,Arloxcld,no_dns,,,,,no,,,,,,,
armgs.team,Armgs,none,,,,,no,,,,,,,
arrowfilms.com,Arrowfilms,none,,,,,no,,,,,,,
artstation.com,Artstation,none,,,,,no,,,,,,,
arubanetworks.com,Arubanetworks,confirmed,rpcerror,https://developer.arubanetworks.com/mcp,,,yes,yes,yes,,https://dash.readme.com/oidc,openid offline_access mcp:read mcp:write email profile,,
asana.biz,Asana,none,,,,,no,,,,,,,
asana.com,Asana,confirmed,prm,https://mcp.asana.com/mcp | https://mcp.asana.com/sse | https://mcp.asana.com/mcp/ | https://mcp.asana.com/mcp/sse | https://mcp.asana.com/mcp/server | https://mcp.asana.com/mcp/mcp,,,yes,yes,yes,,https://mcp.asana.com,default,https://developers.asana.com/docs/using-asanas-mcp-server,
ascendex.com,Ascendex,none,,,,,no,,,,,,,
asphere.xyz,Asphere,none,,,,,no,,,,,,,
aspidanet.com,Aspidanet,confirmed,live,https://docs.aspidanet.com/~gitbook/mcp,mcp-typescript server on vercel,docs-platform server,no,,,no auth required,,,,
assurancewireless.com,Assurancewireless,none,,,,,no,,,,,,,
asterdex.com,Asterdex,confirmed,live,https://docs.asterdex.com/~gitbook/mcp,mcp-typescript server on vercel,docs-platform server,no,,,no auth required,,,,
astrogaming.com,Astrogaming,none,,,,,no,,,,,,,
astros.ag,Astros,none,,,,,no,,,,,,,
atairbnb.com,Atairbnb,none,,,,,no,,,,,,,
atebits.tweetie2,Atebits,no_dns,,,,,no,,,,,,,
atg.se,Atg,none,,,,,no,,,,,,,
ati.su,Ati,confirmed,live,https://api.ati.su/gw/panda-mcp/public/v1/mcp,,,no,,,no auth required,,,,
atlassian.com,Atlassian,confirmed,documented,https://mcp.atlassian.com/v1/mcp | https://mcp.atlassian.com/v1/sse,,,no,,,static API key / bearer token,,,https://support.atlassian.com/atlassian-rovo-mcp-server/docs/getting-started-with-the-atlassian-remote-mcp-server/,
atlassian.net,Atlassian,confirmed,documented,https://mcp.atlassian.com/v1/mcp,,,no,,,static API key / bearer token,,,,
atlastunnel.com,Atlastunnel,no_dns,,,,,no,,,,,,,
atom-lens.com,Atom Lens,none,,,,,no,,,,,,,
atspotify.com,Atspotify,no_dns,,,,,no,,,,,,,
audible.application,Audible,no_dns,,,,,no,,,,,,,
audible.com,Audible,doc_lead,,,,,no,,,,,,,
audicagame.com,Audicagame,none,,,,,no,,,,,,,
aufbaubank.de,Aufbaubank,none,,,,,no,,,,,,,
aurora.dev,Aurora,none,,,,,no,,,,,,,
aurora.plus,Aurora,none,,,,,no,,,,,,,
aurory.io,Aurory,none,,,,,no,,,,,,,
auth0.com,Auth0,confirmed,live,https://auth0.com/docs/mcp,,,no,,,no auth required,,,,
auth0.net,Auth0,inconclusive,network unreachable,,,,no,,,,,,,
auth0app.com,Auth0App,no_dns,,,,,no,,,,,,,
authentify.net,Authentify,inconclusive,network unreachable,,,,no,,,,,,,
authorize.net,Authorize,none,,,,,no,,,,,,,
authy.com,Authy,none,,,,,no,,,,,,,
auto.finance,Auto,confirmed,live,https://docs.auto.finance/~gitbook/mcp,mcp-typescript server on vercel,docs-platform server,no,,,no auth required,,,,
av.ru,Av,none,,,,,no,,,,,,,
availproject.org,Availproject,doc_lead,,,,,no,,,,,,,
avalabs.org,Avalabs,none,,,,,no,,,,,,,
avax-dev.network,Avax Dev,none,,,,,no,,,,,,,
avax-test.network,Avax Test,none,,,,,no,,,,,,,
avax.network,Avax,confirmed,live,https://build.avax.network/api/mcp,avalanche-mcp,,no,,,no auth required,,,,
avecspotify.com,Avecspotify,no_dns,,,,,no,,,,,,,
avito.ru,Avito,none,,,,,no,,,,,,,
avod.thirdpartyclient,Avod,no_dns,,,,,no,,,,,,,
ayco.com,Ayco,none,,,,,no,,,,,,,
azbukavkusa.ru,Azbukavkusa,none,,,,,no,,,,,,,
backblaze.com,Backblaze,none,,,,,no,,,,,,,
backblazeb2.com,Backblazeb2,none,,,,,no,,,,,,,
backpack.exchange,Backpack,none,,,,,no,,,,,,,
backstage.io,Backstage,confirmed,live,https://demo.backstage.io/api/mcp-actions/v1,My Backstage Demo,,yes,yes,yes,,https://demo.backstage.io/api/auth,openid,,
badoo.com,Badoo,none,,,,,no,,,,,,,
badoo.hotornot,Badoo,no_dns,,,,,no,,,,,,,
badoo.mobile,Badoo,none,,,,,no,,,,,,,
badoo.twa,Badoo,no_dns,,,,,no,,,,,,,
badoocdn.com,Badoocdn,none,,,,,no,,,,,,,
ballistic.com,Ballistic,no_dns,,,,,no,,,,,,,
bancoplata.mx,Bancoplata,none,,,,,no,,,,,,,
bany.dev,Bany,none,,,,,no,,,,,,,
base.org,Base,confirmed,authwall,https://mcp.base.org/mcp | https://mcp.base.org/ | https://mcp.base.org/mcp/ | https://mcp.base.org/mcp/sse | https://mcp.base.org/mcp/server | https://mcp.base.org/mcp/mcp,,,no,,,static API key / bearer token,,,https://mcp.base.org`,
basecamp-setup.exe,Basecamp Setup,no_dns,,,,,no,,,,,,,
basecamp.app,Basecamp,none,,,,,no,,,,,,,
basecamp.bc3,Basecamp,no_dns,,,,,no,,,,,,,
basecamp.bc3-ios,Basecamp,no_dns,,,,,no,,,,,,,
basecamp.com,Basecamp,none,,,,,no,,,,,,,
basecamp.hey,Basecamp,no_dns,,,,,no,,,,,,,
basescan.org,Basescan,none,,,,,no,,,,,,,
basin.exchange,Basin,confirmed,live,https://docs.basin.exchange/~gitbook/mcp,mcp-typescript server on vercel,docs-platform server,no,,,no auth required,,,,
battles.tv,Battles,none,,,,,no,,,,,,,
bcny.com,Bcny,none,,,,,no,,,,,,,
bcs-bank.ru,Bcs Bank,none,,,,,no,,,,,,,
bcs.ru,Bcs,none,,,,,no,,,,,,,
bdo.ch,Bdo,none,,,,,no,,,,,,,
beachbound.com,Beachbound,none,,,,,no,,,,,,,
beamitmobile.com,Beamitmobile,inconclusive,network unreachable,,,,no,,,,,,,
bean.money,Bean,confirmed,live,https://docs.bean.money/~gitbook/mcp,mcp-typescript server on vercel,docs-platform server,no,,,no auth required,,,,
beefy.finance,Beefy,confirmed,live,https://docs.beefy.finance/~gitbook/mcp,mcp-typescript server on vercel,docs-platform server,no,,,no auth required,,,,
beget.cloud,Beget,no_dns,,,,,no,,,,,,,
beget.com,Beget,none,,,,,no,,,,,,,
beget.email,Beget,none,,,,,no,,,,,,,
bem.release,Bem,no_dns,,,,,no,,,,,,,
benqi.fi,Benqi,confirmed,live,https://docs.benqi.fi/~gitbook/mcp,mcp-typescript server on vercel,docs-platform server,no,,,no auth required,,,,
berachain.com,Berachain,confirmed,live,https://docs.berachain.com/mcp,,,no,,,no auth required,,,,
berascan.com,Berascan,none,,,,,no,,,,,,,
berush.com,Berush,none,,,,,no,,,,,,,
bestfiends.com,Bestfiends,none,,,,,no,,,,,,,
bet.br,Bet,no_dns,,,,,no,,,,,,,
betfair.com,Betfair,none,,,,,no,,,,,,,
betfair.es,Betfair,none,,,,,no,,,,,,,
betfair.exchange,Betfair,none,,,,,no,,,,,,,
betfair.it,Betfair,none,,,,,no,,,,,,,
betfair.ro,Betfair,none,,,,,no,,,,,,,
betfair.se,Betfair,none,,,,,no,,,,,,,
betfair.sportsbook,Betfair,no_dns,,,,,no,,,,,,,
betmgm.com,Betmgm,none,,,,,no,,,,,,,
betsharedservices.io,Betsharedservices,inconclusive,network unreachable,,,,no,,,,,,,
bettrfinancing.com,Bettrfinancing,none,,,,,no,,,,,,,
bettylabs.disco,Bettylabs,no_dns,,,,,no,,,,,,,
betviewapi.com,Betviewapi,no_dns,,,,,no,,,,,,,
biconomy.com,Biconomy,none,,,,,no,,,,,,,
big.one,Big,none,,,,,no,,,,,,,
bigblueparrot.pokerfriends,Bigblueparrot,no_dns,,,,,no,,,,,,,
bigone.com,Bigone,none,,,,,no,,,,,,,
billflow.io,Billflow,confirmed,live,https://docs.billflow.io/~gitbook/mcp,mcp-typescript server on vercel,docs-platform server,no,,,no auth required,,,,
binance.com,Binance,none,,,,,no,,,,,,,
binance.tr,Binance,none,,,,,no,,,,,,,
binance.us,Binance,none,,,,,no,,,,,,,
binary.bot,Binary,none,,,,,no,,,,,,,
binary.com,Binary,none,,,,,no,,,,,,,
binaryws.com,Binaryws,none,,,,,no,,,,,,,
bingo.com,Bingo,none,,,,,no,,,,,,,
bingoblitz.com,Bingoblitz,none,,,,,no,,,,,,,
bingoservices.io,Bingoservices,no_dns,,,,,no,,,,,,,
bingx.com,Bingx,doc_lead,,,,,no,,,,,,,
bingx.pro,Bingx,none,,,,,no,,,,,,,
bioid-management.app,Bioid Management,inconclusive,network unreachable,,,,no,,,,,,,
biolibre.ar,Biolibre,none,,,,,no,,,,,,,
biolibre.cl,Biolibre,none,,,,,no,,,,,,,
biolibre.co,Biolibre,none,,,,,no,,,,,,,
biolibre.mx,Biolibre,none,,,,,no,,,,,,,
biometservices.com,Biometservices,none,,,,,no,,,,,,,
bionic.ai,Bionic,confirmed,rpcerror,https://docs.bionic.ai/mcp,,,yes,yes,yes,,https://dash.readme.com/oidc,openid offline_access mcp:read mcp:write email profile,,
bistro.sk,Bistro,none,,,,,no,,,,,,,
bitbank.cc,Bitbank,none,,,,,no,,,,,,,
bitbucket.org,Bitbucket,confirmed,documented,https://mcp.atlassian.com/v1/mcp,,,no,,,static API key / bearer token,,,,
bitdefender.com,Bitdefender,doc_lead,,,,,no,,,,,,,
bitdefender.net,Bitdefender,none,,,,,no,,,,,,,
bitdelta.com,Bitdelta,none,,,,,no,,,,,,,
bitexen.com,Bitexen,none,,,,,no,,,,,,,
bitflyer.com,Bitflyer,none,,,,,no,,,,,,,
bitget.com,Bitget,doc_lead,,,,,no,,,,,,,
bitgo-test.com,Bitgo Test,none,,,,,no,,,,,,,
bitgo.ae,Bitgo,none,,,,,no,,,,,,,
bitgo.com,Bitgo,confirmed,live,https://developers.bitgo.com/mcp,bitgo-developer-portal,docs-platform server,no,,,no auth required,,,,
bitkan.com,Bitkan,confirmed,live,https://mcp.bitkan.com/mcp,bitkan-mcp,,no,,,no auth required,,,,
bitkub.com,Bitkub,none,,,,,no,,,,,,,
bitkubacademy.com,Bitkubacademy,none,,,,,no,,,,,,,
bitkubcapital.com,Bitkubcapital,none,,,,,no,,,,,,,
bitkubnext.com,Bitkubnext,none,,,,,no,,,,,,,
bitkubnext.io,Bitkubnext,none,,,,,no,,,,,,,
bitkubnft.com,Bitkubnft,confirmed,live,https://docs.bitkubnft.com/~gitbook/mcp,mcp-typescript server on vercel,docs-platform server,no,,,no auth required,,,,
bitkubnft.io,Bitkubnft,no_dns,,,,,no,,,,,,,
bitkubventures.com,Bitkubventures,none,,,,,no,,,,,,,
bitmart.com,Bitmart,none,,,,,no,,,,,,,
bitmex.com,Bitmex,none,,,,,no,,,,,,,
bitmoji.com,Bitmoji,none,,,,,no,,,,,,,
bitoasis.net,Bitoasis,confirmed,protected,https://support.bitoasis.net/mcp,,,no,,,auth unclear (HTTP 401),,,,
bitpanda.com,Bitpanda,confirmed,authwall,https://mcp.bitpanda.com/mcp,,,no,,,static API key / bearer token,,,https://mcp.fusion.bitpanda.com`,
bitrise.io,Bitrise,confirmed,prm,https://mcp.bitrise.io/mcp | https://mcp.bitrise.io/sse | https://mcp.bitrise.io/ | https://mcp.bitrise.io/v1/mcp | https://mcp.bitrise.io/api/mcp | https://mcp.bitrise.io/mcp/,,,yes,no,yes,,https://oauth.bitrise.io,email offline_access openid profile,https://docs.bitrise.io/en/bitrise-platform/ai/bitrise-mcp,
bitrue.com,Bitrue,none,,,,,no,,,,,,,
bitso.com,Bitso,confirmed,live,https://docs.bitso.com/mcp,Bitso,docs-platform server,yes,yes,yes,,https://dash.readme.com/oidc,openid offline_access mcp:read mcp:write email profile,,
bitstamp.app,Bitstamp,inconclusive,network unreachable,,,,no,,,,,,,
bitstamp.net,Bitstamp,none,,,,,no,,,,,,,
bitstrips.com,Bitstrips,none,,,,,no,,,,,,,
bitstrips.imoji,Bitstrips,no_dns,,,,,no,,,,,,,
bitunix.com,Bitunix,none,,,,,no,,,,,,,
bizible.com,Bizible,inconclusive,network unreachable,,,,no,,,,,,,
blablacar.fr,Blablacar,none,,,,,no,,,,,,,
blablacardaily.com,Blablacardaily,none,,,,,no,,,,,,,
blablalines.com,Blablalines,none,,,,,no,,,,,,,
blaster.aosp,Blaster,no_dns,,,,,no,,,,,,,
blendlabs.com,Blendlabs,none,,,,,no,,,,,,,
blendr.blendriphone,Blendr,no_dns,,,,,no,,,,,,,
blendr.com,Blendr,inconclusive,network unreachable,,,,no,,,,,,,
blendr.mobile,Blendr,no_dns,,,,,no,,,,,,,
blinkforhome.com,Blinkforhome,none,,,,,no,,,,,,,
blinkit.bistro,Blinkit,no_dns,,,,,no,,,,,,,
blinkit.com,Blinkit,none,,,,,no,,,,,,,
blis.com,Blis,none,,,,,no,,,,,,,
blismedia.com,Blismedia,none,,,,,no,,,,,,,
blockchain.com,Blockchain,confirmed,live,https://docs.blockchain.com/~gitbook/mcp,mcp-typescript server on vercel,docs-platform server,no,,,no auth required,,,,
blockchain.info,Blockchain,none,,,,,no,,,,,,,
blockpi.io,Blockpi,confirmed,live,https://docs.blockpi.io/~gitbook/mcp,mcp-typescript server on vercel,docs-platform server,no,,,no auth required,,,,
blockscore.com,Blockscore,none,,,,,no,,,,,,,
blofin.com,Blofin,doc_lead,,,,,no,,,,,,,
blox.link,Blox,none,,,,,no,,,,,,,
bluefin.io,Bluefin,none,,,,,no,,,,,,,
bluehost.com,Bluehost,confirmed,prm,https://mcp.bluehost.com/.well-known/oauth-protected-resource,,,yes,yes,yes,,https://oauth.bluehost.com,domains:read hosting:read,https://www.bluehost.com/help/article/remote-database-connection-setup,
blueskytours.com,Blueskytours,none,,,,,no,,,,,,,
blueskytravelvietnam.com,Blueskytravelvietnam,none,,,,,no,,,,,,,
boardkingsgame.com,Boardkingsgame,inconclusive,network unreachable,,,,no,,,,,,,
boba.network,Boba,none,,,,,no,,,,,,,
bobascan.com,Bobascan,none,,,,,no,,,,,,,
bokundemo.com,Bokundemo,confirmed,rpcerror,https://mcp.bokundemo.com/mcp,,,no,,,no auth required,,,,
bokuntest.com,Bokuntest,confirmed,rpcerror,https://mcp.bokuntest.com/mcp | https://api.bokuntest.com/mcp,,,no,,,no auth required,,,,
bolsasymercados.es,Bolsasymercados,none,,,,,no,,,,,,,
bolt.eu,Bolt,none,,,,,no,,,,,,,
bonne-terre-data-layer.com,Bonne Terre Data Layer,no_dns,,,,,no,,,,,,,
bookbeat.com,Bookbeat,none,,,,,no,,,,,,,
booking.com,Booking,confirmed,live,https://developers.booking.com/mcp | https://api-docs.booking.com/mcp,MCP server,docs-platform server,yes,yes,yes,,https://developers.booking.com,openid profile email offline_access,,
bookingholdings-coe.com,Bookingholdings Coe,none,,,,,no,,,,,,,
bookingholdings.com,Bookingholdings,none,,,,,no,,,,,,,
booktandl.com,Booktandl,inconclusive,network unreachable,,,,no,,,,,,,
booth.pm,Booth,none,,,,,no,,,,,,,
boozt.app,Boozt,none,,,,,no,,,,,,,
boozt.booztlet,Boozt,no_dns,,,,,no,,,,,,,
boozt.com,Boozt,none,,,,,no,,,,,,,
booztlet.com,Booztlet,none,,,,,no,,,,,,,
boredapeyachtclub.com,Boredapeyachtclub,none,,,,,no,,,,,,,
bostonacoustics.com,Bostonacoustics,none,,,,,no,,,,,,,
bowerswilkins.com,Bowerswilkins,none,,,,,no,,,,,,,
box.com,Box,confirmed,prm,https://mcp.box.com/mcp | https://mcp.box.com/sse | https://mcp.box.com/ | https://api.box.com/mcp | https://mcp.box.com/v1/mcp | https://mcp.box.com/api/mcp,,,yes,no,yes,,https://api.box.com/,,https://developer.box.com/guides/box-mcp/setup,
braintree-api.com,Braintree Api,no_dns,,,,,no,,,,,,,
braintree.tools,Braintree,no_dns,,,,,no,,,,,,,
braintreegateway.com,Braintreegateway,none,,,,,no,,,,,,,
braintreepayments.com,Braintreepayments,none,,,,,no,,,,,,,
braze-dev.com,Braze Dev,none,,,,,no,,,,,,,
breathlessresorts.com,Breathlessresorts,none,,,,,no,,,,,,,
bredbandsbolaget.se,Bredbandsbolaget,none,,,,,no,,,,,,,
bridge.xyz,Bridge,confirmed,authwall,https://mcp.bridge.xyz/mcp | https://mcp.bridge.xyz/sse | https://mcp.bridge.xyz/ | https://mcp.bridge.xyz/v1/mcp | https://mcp.bridge.xyz/api/mcp | https://mcp.bridge.xyz/mcp/,,,no,,,auth unclear (HTTP 403),,,https://www.bridgetown.builders/docs/getting-started/connect-mcp-client,
broker.ru,Broker,none,,,,,no,,,,,,,
bscscan.com,Bscscan,none,,,,,no,,,,,,,
bsi-cloud-engineering.li,Bsi Cloud Engineering,no_dns,,,,,no,,,,,,,
bstatic.com,Bstatic,none,,,,,no,,,,,,,
btse.com,Btse,none,,,,,no,,,,,,,
buckingfuggy.com,Buckingfuggy,no_dns,,,,,no,,,,,,,
budgetair.com,Budgetair,none,,,,,no,,,,,,,
buffalo-ggn.net,Buffalo Ggn,no_dns,,,,,no,,,,,,,
bugcrowd.com,Bugcrowd,confirmed,authwall,https://stream.bugcrowd.com/mcp,,,no,,,auth unclear (HTTP 401),,,,
bugcrowd.net,Bugcrowd,no_dns,,,,,no,,,,,,,
buildabera.xyz,Buildabera,none,,,,,no,,,,,,,
building-blocks.com,Building Blocks,none,,,,,no,,,,,,,
bullish-test.com,Bullish Test,no_dns,,,,,no,,,,,,,
bullish.com,Bullish,none,,,,,no,,,,,,,
bumba.global,Bumba,none,,,,,no,,,,,,,
bumble.app,Bumble,none,,,,,no,,,,,,,
bumble.com,Bumble,none,,,,,no,,,,,,,
bumblebff.app,Bumblebff,none,,,,,no,,,,,,,
buschgardens.com,Buschgardens,none,,,,,no,,,,,,,
business.shopping,Business,no_dns,,,,,no,,,,,,,
butlerfortrello.com,Butlerfortrello,none,,,,,no,,,,,,,
bwin.com,Bwin,none,,,,,no,,,,,,,
byairbnb.com,Byairbnb,no_dns,,,,,no,,,,,,,
bybit-tr.com,Bybit Tr,none,,,,,no,,,,,,,
bybit.com,Bybit,none,,,,,no,,,,,,,
bybit.eu,Bybit,none,,,,,no,,,,,,,
bybit.tr,Bybit,none,,,,,no,,,,,,,
bykea.com,Bykea,none,,,,,no,,,,,,,
bykea.net,Bykea,none,,,,,no,,,,,,,
bykea.pk,Bykea,inconclusive,network unreachable,,,,no,,,,,,,
bykea.shop,Bykea,none,,,,,no,,,,,,,
bykea.store,Bykea,confirmed,live,https://bykea.store/api/mcp,storefront-renderer,,yes,no,yes,,https://shopify.com/authentication/81469407525,openid email customer-account-api:full customer-account-mcp-api:full,https://bykea.store/policies/terms-of-service,Shopify storefront MCP
byreal.io,Byreal,confirmed,live,https://docs.byreal.io/~gitbook/mcp,mcp-typescript server on vercel,docs-platform server,no,,,no auth required,,,,
byspotify.com,Byspotify,no_dns,,,,,no,,,,,,,
byteoversea.com,Byteoversea,no_dns,,,,,no,,,,,,,
c-point.be,C Point,none,,,,,no,,,,,,,
ca.koho,Ca,no_dns,,,,,no,,,,,,,
caesarsgames.com,Caesarsgames,none,,,,,no,,,,,,,
caldera.xyz,Caldera,confirmed,live,https://docs.caldera.xyz/mcp,,,no,,,no auth required,,,,
call-control.ie,Call Control,none,,,,,no,,,,,,,
callroute.com,Callroute,confirmed,prm,https://callroute.com/.well-known/oauth-protected-resource,,,no,,,no auth required,,,https://callroute.com/,
callroute.io,Callroute,none,,,,,no,,,,,,,
canva-apps.cn,Canva Apps,confirmed,protected,https://mcp.canva.cn/mcp,,,yes,yes,yes,,https://mcp.canva.cn,profile:read design:meta:read design:content:write design:content:read folder:read folder:write,,
canva-apps.com,Canva Apps,confirmed,protected,https://mcp.canva.com/mcp,,,yes,yes,yes,,https://mcp.canva.com,profile:read design:meta:read design:content:write design:content:read folder:read folder:write,,
canva.cn,Canva (China),confirmed,prm,https://mcp.canva.cn/mcp | https://mcp.canva.cn/v1/mcp | https://mcp.canva.cn/mcp/ | https://mcp.canva.cn/mcp/sse | https://mcp.canva.cn/mcp/server | https://mcp.canva.cn/mcp/mcp,,,yes,yes,yes,,https://mcp.canva.cn,profile:read design:meta:read design:content:write design:content:read folder:read folder:write,https://www.canva.dev/docs/mcp/,
canva.com,Canva,confirmed,prm,https://mcp.canva.com/mcp | https://mcp.canva.com/v1/mcp | https://mcp.canva.com/mcp/ | https://mcp.canva.com/mcp/sse | https://mcp.canva.com/mcp/server | https://mcp.canva.com/mcp/mcp,,,yes,yes,yes,,https://mcp.canva.com,profile:read design:meta:read design:content:write design:content:read folder:read folder:write,https://www.canva.dev/docs/mcp/,
canva.tech,Canva,none,,,,,no,,,,,,,
cap.ru,Cap,none,,,,,no,,,,,,,
capcutapi.us,Capcutapi,no_dns,,,,,no,,,,,,,
capitalone.ca,Capitalone,none,,,,,no,,,,,,,
capitalone.com,Capitalone,none,,,,,no,,,,,,,
capitalonegslbex.com,Capitalonegslbex,no_dns,,,,,no,,,,,,,
capitaloneshopping.com,Capitaloneshopping,none,,,,,no,,,,,,,
captcha-delivery.com,Captcha Delivery,no_dns,,,,,no,,,,,,,
capturingreality.com,Capturingreality,none,,,,,no,,,,,,,
capyfi.com,Capyfi,none,,,,,no,,,,,,,
cardinalcommerce.com,Cardinalcommerce,none,,,,,no,,,,,,,
carrefouruae.com,Carrefouruae,none,,,,,no,,,,,,,
carrentals.com,Carrentals,none,,,,,no,,,,,,,
carsdirect.com,Carsdirect,none,,,,,no,,,,,,,
cash.app,Cash,confirmed,live,https://developers.cash.app/mcp,fern-docs-mcp-server,docs-platform server,no,,,no auth required,,,,
cashstaging.app,Cashstaging,none,,,,,no,,,,,,,
casinohuone.com,Casinohuone,none,,,,,no,,,,,,,
casinoservices.io,Casinoservices,no_dns,,,,,no,,,,,,,
cb.dev,Cb,none,,,,,no,,,,,,,
cb2.ae,Cb2,inconclusive,network unreachable,,,,no,,,,,,,
cbhq.net,Cbhq,none,,,,,no,,,,,,,
ccpsx.com,Ccpsx,none,,,,,no,,,,,,,
cdn-code.org,Cdn Code,no_dns,,,,,no,,,,,,,
celer.network,Celer,none,,,,,no,,,,,,,
celo.org,Celo,confirmed,live,https://docs.celo.org/mcp,,,no,,,no auth required,,,,
celoscan.io,Celoscan,none,,,,,no,,,,,,,
central.audit,Central,no_dns,,,,,no,,,,,,,
certinia.com,Certinia,none,,,,,no,,,,,,,
certos.com,Certos,none,,,,,no,,,,,,,
cetus.zone,Cetus,none,,,,,no,,,,,,,
cex.io,Cex,none,,,,,no,,,,,,,
cfr.org,Cfr,none,,,,,no,,,,,,,
chain.link,Chain,none,,,,,no,,,,,,,
chainabuse-staging.com,Chainabuse Staging,none,,,,,no,,,,,,,
chaire-arpenter.fr,Chaire Arpenter,none,,,,,no,,,,,,,
challonge.com,Challonge,none,,,,,no,,,,,,,
championat.com,Championat,none,,,,,no,,,,,,,
changeeng.org,Changeeng,no_dns,,,,,no,,,,,,,
chatdate.app,Chatdate,none,,,,,no,,,,,,,
chatspot.ai,Chatspot,none,,,,,no,,,,,,,
chaturbate.com,Chaturbate,none,,,,,no,,,,,,,
cheapcaribbean.com,Cheapcaribbean,none,,,,,no,,,,,,,
cheapflights.com,Cheapflights,none,,,,,no,,,,,,,
cheaptickets.com,Cheaptickets,none,,,,,no,,,,,,,
cheaptickets.nl,Cheaptickets,none,,,,,no,,,,,,,
checkfelix.com,Checkfelix,none,,,,,no,,,,,,,
checksw.com,Checksw,no_dns,,,,,no,,,,,,,
chiatest.net,Chiatest,none,,,,,no,,,,,,,
chime.com,Chime,confirmed,rpcerror,https://developer.chime.com/mcp,,,yes,yes,yes,,https://dash.readme.com/oidc,openid offline_access mcp:read mcp:write email profile,,
chimebank.com,Chimebank,none,,,,,no,,,,,,,
chimecard.com,Chimecard,none,,,,,no,,,,,,,
chimepayments.com,Chimepayments,no_dns,,,,,no,,,,,,,
chipotle.com,Chipotle,none,,,,,no,,,,,,,
chmedia.ch,Chmedia,none,,,,,no,,,,,,,
chmfin.com,Chmfin,none,,,,,no,,,,,,,
circle.com,Circle,confirmed,live,https://api.circle.com/v1/codegen/mcp,Circle AI Codegen MCP Server V2,,no,,,no auth required,,,,
circolocorecords.com,Circolocorecords,none,,,,,no,,,,,,,
citrea.xyz,Citrea,confirmed,live,https://docs.citrea.xyz/~gitbook/mcp,mcp-typescript server on vercel,docs-platform server,no,,,no auth required,,,,
citrixworkspacesapi.net,Citrixworkspacesapi,no_dns,,,,,no,,,,,,,
citymapper.com,Citymapper,none,,,,,no,,,,,,,
claritymoney.com,Claritymoney,no_dns,,,,,no,,,,,,,
classdojo.com,Classdojo,confirmed,prm,https://mcp.classdojo.com/mcp | https://mcp.classdojo.com/sse | https://mcp.classdojo.com/mcp/ | https://mcp.classdojo.com/mcp/sse | https://mcp.classdojo.com/messages | https://mcp.classdojo.com/mcp/server,,,yes,yes,yes,,https://mcp.classdojo.com,,https://mcp.classdojo.com/,
classeaudio.com,Classeaudio,none,,,,,no,,,,,,,
claytonapp.com,Claytonapp,no_dns,,,,,no,,,,,,,
clearme.clear,Clearme,no_dns,,,,,no,,,,,,,
clearme.clearapp,Clearme,no_dns,,,,,no,,,,,,,
clearme.com,Clearme,confirmed,live,https://docs.clearme.com/mcp,CLEAR1,docs-platform server,yes,yes,yes,,https://dash.readme.com/oidc,openid offline_access mcp:read mcp:write email profile,,
clearpay.com,Clearpay,none,,,,,no,,,,,,,
cleartrip.com,Cleartrip,confirmed,authwall,https://mcp.cleartrip.com/mcp,,,yes,yes,yes,,https://mcp.cleartrip.com/,,https://saasdoc.cleartrip.com/reference/api-mechanism,
clickhou.se,Clickhou,none,,,,,no,,,,,,,
client.aosp,Client,no_dns,,,,,no,,,,,,,
cloud.com,Cloud,none,,,,,no,,,,,,,
cloud.ru,Cloud,doc_lead,,,,,no,,,,,,,
clouddrive.photos,Clouddrive,none,,,,,no,,,,,,,
cloudflare.com,Cloudflare,confirmed,live,https://docs.mcp.cloudflare.com/mcp | https://mcp.cloudflare.com/mcp | https://bindings.mcp.cloudflare.com/mcp | https://observability.mcp.cloudflare.com/mcp,docs-ai-search,docs-platform server,no,,,no auth required,,,https://mcp.cloudflare.com/mcp,
cloudflarepartners.com,Cloudflarepartners,no_dns,,,,,no,,,,,,,
cloudflareworkers.com,Cloudflareworkers,none,,,,,no,,,,,,,
cloudinary.com,Cloudinary,confirmed,prm,https://asset-management.mcp.cloudinary.com/mcp | https://analysis.mcp.cloudinary.com/sse | https://environment-config.mcp.cloudinary.com/mcp | https://mediaflows.mcp.cloudinary.com/v2/mcp | https://structured-metadata.mcp.cloudinary.com/mcp,,,yes,yes,yes,,https://asset-management.mcp.cloudinary.com,openid profile email offline_access asset_management upload,,
cloudkassir.ru,Cloudkassir,none,,,,,no,,,,,,,
cloudkassir.uz,Cloudkassir,no_dns,,,,,no,,,,,,,
cloudpayments.kz,Cloudpayments,none,,,,,no,,,,,,,
cloudpayments.ru,Cloudpayments,none,,,,,no,,,,,,,
cloudpayments.uz,Cloudpayments,inconclusive,network unreachable,,,,no,,,,,,,
cloudvector.com,Cloudvector,none,,,,,no,,,,,,,
clovesoftware-dev.com,Clovesoftware Dev,no_dns,,,,,no,,,,,,,
clovesoftware.com,Clovesoftware,no_dns,,,,,no,,,,,,,
cm.cashregister,Cm,no_dns,,,,,no,,,,,,,
cm.com,Cm,confirmed,protected,https://api.cm.com/mcp | https://api.cm.com/mcp/,,,no,,,auth unclear (HTTP 401),,,https://knowledgecenter.cm.com/knowledge-center/halo/halo-integrations/mcp,
cmpayments.com,Cmpayments,none,,,,,no,,,,,,,
cms.gov,Cms,none,,,,,no,,,,,,,
cmtelecom.com,CM.com,confirmed,protected,https://api.cmtelecom.com/mcp | https://api.cmtelecom.com/mcp/,,,no,,,auth unclear (HTTP 401),,,,
cmtickets.com,Cmtickets,none,,,,,no,,,,,,,
co.ao,Co,no_dns,,,,,no,,,,,,,
co.cr,Co,none,,,,,no,,,,,,,
co.id,Co,none,,,,,no,,,,,,,
co.il,Co,none,,,,,no,,,,,,,
co.in,Co,inconclusive,network unreachable,,,,no,,,,,,,
co.jp,Co,none,,,,,no,,,,,,,
co.ke,Co,none,,,,,no,,,,,,,
co.kr,Co,none,,,,,no,,,,,,,
co.ni,Co,no_dns,,,,,no,,,,,,,
co.nz,Co,none,,,,,no,,,,,,,
co.th,Co,none,,,,,no,,,,,,,
co.uk,Co,none,,,,,no,,,,,,,
co.ve,Co,no_dns,,,,,no,,,,,,,
co.za,Co,inconclusive,network unreachable,,,,no,,,,,,,
cobo.com,Cobo,doc_lead,,,,,no,,,,,,,
coda.codaapp,Coda,no_dns,,,,,no,,,,,,,
coda.io,Coda,confirmed,protected,https://coda.io/apis/mcp,,,yes,yes,yes,,https://coda.io,mcp:all,,
codacontent.io,Codacontent,none,,,,,no,,,,,,,
codahosted.io,Codahosted,none,,,,,no,,,,,,,
cognitiveperformer.com,Cognitiveperformer,inconclusive,network unreachable,,,,no,,,,,,,
coin98.com,Coin98,confirmed,live,https://docs.coin98.com/~gitbook/mcp,mcp-typescript server on vercel,docs-platform server,no,,,no auth required,,,,
coinbase-corp.com,Coinbase Corp,no_dns,,,,,no,,,,,,,
coinbase.android,Coinbase,no_dns,,,,,no,,,,,,,
coinbase.com,Coinbase,confirmed,live,https://docs.cdp.coinbase.com/mcp | https://docs.cdp.coinbase.com/mcp/,,,no,,,no auth required,,,,
coinbase.ios,Coinbase,no_dns,,,,,no,,,,,,,
coinbase.wallite,Coinbase,no_dns,,,,,no,,,,,,,
coincheck.com,Coincheck,none,,,,,no,,,,,,,
coindcx.com,Coindcx,none,,,,,no,,,,,,,
coindesk.com,Coindesk,confirmed,prm,https://mcp.coindesk.com/mcp,,,yes,yes,yes,,https://mcp.coindesk.com,,https://mcp.coindesk.com/,
coinex.com,Coinex,confirmed,live,https://mcp.coinex.com/mcp,coinex-mcp-server,,no,,,no auth required,,,https://mcp.coinex.com/mcp`,
coingecko.com,Coingecko,confirmed,live,https://mcp.coingecko.com/mcp | https://mcp.coingecko.com/sse | https://docs.coingecko.com/mcp | https://mcp.api.coingecko.com/mcp | https://mcp.pro-api.coingecko.com/mcp | https://mcp.pro-api.coingecko.com/mcp&quot,,,no,,,no auth required,,,,
coinhako.app,Coinhako,inconclusive,network unreachable,,,,no,,,,,,,
coinhako.com,Coinhako,none,,,,,no,,,,,,,
coinmarketcap.com,Coinmarketcap,confirmed,authwall,https://mcp.coinmarketcap.com/mcp,,,yes,yes,yes,,https://mcp.coinmarketcap.com,mcp,https://coinmarketcap.com/api/documentation/ai-agent-hub/mcp,
coinspot.app,Coinspot,none,,,,,no,,,,,,,
coinstore.com,Coinstore,none,,,,,no,,,,,,,
coinw.com,Coinw,none,,,,,no,,,,,,,
coloros.assistantscreen,Coloros,no_dns,,,,,no,,,,,,,
coloros.browser,Coloros,no_dns,,,,,no,,,,,,,
coloros.com,Coloros,inconclusive,network unreachable,,,,no,,,,,,,
coloros.encryption,Coloros,no_dns,,,,,no,,,,,,,
coloros.findmyphone,Coloros,no_dns,,,,,no,,,,,,,
coloros.pictorial,Coloros,no_dns,,,,,no,,,,,,,
coloros.securepay,Coloros,no_dns,,,,,no,,,,,,,
coloros.speechassist,Coloros,no_dns,,,,,no,,,,,,,
coloros.video,Coloros,no_dns,,,,,no,,,,,,,
coloros.wallet,Coloros,no_dns,,,,,no,,,,,,,
com.ar,Com,none,,,,,no,,,,,,,
com.au,Com,none,,,,,no,,,,,,,
com.az,Com,none,,,,,no,,,,,,,
com.be,Com,no_dns,,,,,no,,,,,,,
com.bo,Com,no_dns,,,,,no,,,,,,,
com.booking,Com,no_dns,,,,,no,,,,,,,
com.boozt,Com,no_dns,,,,,no,,,,,,,
com.booztlet,Com,no_dns,,,,,no,,,,,,,
com.br,Com,none,,,,,no,,,,,,,
com.cheaptickets,Com,no_dns,,,,,no,,,,,,,
com.cl,Com,no_dns,,,,,no,,,,,,,
com.cn,Com,none,,,,,no,,,,,,,
com.co,Com,inconclusive,network unreachable,,,,no,,,,,,,
com.coinhako,Com,no_dns,,,,,no,,,,,,,
com.cy,Com,none,,,,,no,,,,,,,
com.datacamp,Com,no_dns,,,,,no,,,,,,,
com.deribit,Com,no_dns,,,,,no,,,,,,,
com.do,Com,none,,,,,no,,,,,,,
com.ebookers,Com,no_dns,,,,,no,,,,,,,
com.ec,Com,none,,,,,no,,,,,,,
com.ee,Com,no_dns,,,,,no,,,,,,,
com.evernote,Com,no_dns,,,,,no,,,,,,,
com.expediapartnercentral,Com,no_dns,,,,,no,,,,,,,
com.ge,Com,no_dns,,,,,no,,,,,,,
com.goodrx,Com,no_dns,,,,,no,,,,,,,
com.gt,Com,none,,,,,no,,,,,,,
com.hk,Com,inconclusive,network unreachable,,,,no,,,,,,,
com.hn,Com,no_dns,,,,,no,,,,,,,
com.hr,Com,none,,,,,no,,,,,,,
com.hyatt,Com,no_dns,,,,,no,,,,,,,
com.jm,Com,no_dns,,,,,no,,,,,,,
com.kh,Com,no_dns,,,,,no,,,,,,,
com.kz,Com,none,,,,,no,,,,,,,
com.lc,Com,no_dns,,,,,no,,,,,,,
com.lk,Com,no_dns,,,,,no,,,,,,,
com.localqueen,Com,no_dns,,,,,no,,,,,,,
com.longos,Com,no_dns,,,,,no,,,,,,,
com.magisto,Com,no_dns,,,,,no,,,,,,,
com.marriott,Com,no_dns,,,,,no,,,,,,,
com.mercadolibre,Com,no_dns,,,,,no,,,,,,,
com.moonpay,Com,no_dns,,,,,no,,,,,,,
com.ms,Com,no_dns,,,,,no,,,,,,,
com.mx,Com,none,,,,,no,,,,,,,
com.my,Com,none,,,,,no,,,,,,,
com.ng,Com,none,,,,,no,,,,,,,
com.ni,Com,no_dns,,,,,no,,,,,,,
com.orbitz,Com,no_dns,,,,,no,,,,,,,
com.pa,Com,no_dns,,,,,no,,,,,,,
com.pe,Com,no_dns,,,,,no,,,,,,,
com.ph,Com,none,,,,,no,,,,,,,
com.py,Com,none,,,,,no,,,,,,,
com.ringapp,Com,no_dns,,,,,no,,,,,,,
com.ro,Com,no_dns,,,,,no,,,,,,,
com.romwe,Com,no_dns,,,,,no,,,,,,,
com.ru,Com,inconclusive,network unreachable,,,,no,,,,,,,
com.sg,Com,none,,,,,no,,,,,,,
com.slack,Com,no_dns,,,,,no,,,,,,,
com.streamlabs,Com,no_dns,,,,,no,,,,,,,
com.sv,Com,no_dns,,,,,no,,,,,,,
com.syfe,Com,no_dns,,,,,no,,,,,,,
com.tinder,Com,no_dns,,,,,no,,,,,,,
com.tr,Com,none,,,,,no,,,,,,,
com.truecaller,Com,no_dns,,,,,no,,,,,,,
com.tw,Com,none,,,,,no,,,,,,,
com.ua,Com,inconclusive,network unreachable,,,,no,,,,,,,
com.uy,Com,inconclusive,network unreachable,,,,no,,,,,,,
com.ve,Com,none,,,,,no,,,,,,,
com.venmo,Com,no_dns,,,,,no,,,,,,,
com.vn,Com,none,,,,,no,,,,,,,
com.wealthsimple,Com,no_dns,,,,,no,,,,,,,
com.zzkko,Com,no_dns,,,,,no,,,,,,,
comcast.com,Comcast,none,,,,,no,,,,,,,
comcast.net,Comcast,none,,,,,no,,,,,,,
compass-security.com,Compass Security,none,,,,,no,,,,,,,
compass.com,Compass,none,,,,,no,,,,,,,
compass.compass,Compass,no_dns,,,,,no,,,,,,,
concrete.xyz,Concrete,none,,,,,no,,,,,,,
connect-visit.com,Connect Visit,none,,,,,no,,,,,,,
contentcredentials.org,Contentcredentials,none,,,,,no,,,,,,,
contents-abema.com,Contents Abema,none,,,,,no,,,,,,,
convhub.cloud,Convhub,none,,,,,no,,,,,,,
coralcube.io,Coralcube,no_dns,,,,,no,,,,,,,
coraldex.finance,Coraldex,inconclusive,network unreachable,,,,no,,,,,,,
core.app,Core,confirmed,authwall,https://mcp.core.app/mcp,,,no,,,auth unclear (HTTP 401),,,https://docs.getcore.me/mcp/configuration,
cortexpowered.com,Cortexpowered,inconclusive,network unreachable,,,,no,,,,,,,
counter-strike.net,Counter Strike,none,,,,,no,,,,,,,
cplsb.ru,Cplsb,no_dns,,,,,no,,,,,,,
crateandbarrel.me,Crateandbarrel,inconclusive,network unreachable,,,,no,,,,,,,
creditkarma.ca,Creditkarma,none,,,,,no,,,,,,,
creditkarma.canada,Creditkarma,no_dns,,,,,no,,,,,,,
creditkarma.com,Creditkarma,doc_lead,,,,,no,,,,,,,
creditkarma.mobile,Creditkarma,no_dns,,,,,no,,,,,,,
cronos.org,Cronos,confirmed,live,https://docs.cronos.org/~gitbook/mcp,mcp-typescript server on vercel,docs-platform server,no,,,no auth required,,,,
cronosid.xyz,Cronosid,confirmed,live,https://docs.cronosid.xyz/~gitbook/mcp,mcp-typescript server on vercel,docs-platform server,no,,,no auth required,,,,
crossclip.com,Crossclip,none,,,,,no,,,,,,,
crosskey.io,Crosskey,none,,,,,no,,,,,,,
crowdstrike.com,Crowdstrike,doc_lead,,,,,no,,,,,,,
crowdstrike.fr,Crowdstrike,none,,,,,no,,,,,,,
crowdstrike.jp,Crowdstrike,none,,,,,no,,,,,,,
crowdstrike.org,Crowdstrike,none,,,,,no,,,,,,,
crowdstrikeracing.com,Crowdstrikeracing,none,,,,,no,,,,,,,
cruiseshipcenters.com,Cruiseshipcenters,none,,,,,no,,,,,,,
crypto.com,Crypto,confirmed,live,https://mcp.crypto.com/market-data/mcp,,,no,,,no auth required,,,,
crypto.org,Crypto,none,,,,,no,,,,,,,
cryptobox.com,Cryptobox,none,,,,,no,,,,,,,
cryptocompare.com,Cryptocompare,none,,,,,no,,,,,,,
cryptopunks.app,Cryptopunks,none,,,,,no,,,,,,,
cryptopunks.com,Cryptopunks,none,,,,,no,,,,,,,
cs.money,Cs,none,,,,,no,,,,,,,
csconnect.org,Csconnect,none,,,,,no,,,,,,,
csgo.exe,Csgo,no_dns,,,,,no,,,,,,,
csirt.ru,Csirt,none,,,,,no,,,,,,,
csirt.su,Csirt,none,,,,,no,,,,,,,
css-tricks.com,Css Tricks,none,,,,,no,,,,,,,
csscoperations.com,Csscoperations,none,,,,,no,,,,,,,
cube.exchange,Cube,confirmed,prm,https://cube.exchange/.well-known/oauth-protected-resource,,,yes,no,no,,https://id.cube.exchange,mcp.cube,https://docs.cube.dev/docs/integrations/mcp-server,
cubicmotion.com,Cubicmotion,none,,,,,no,,,,,,,
cuehit.net,Cuehit,no_dns,,,,,no,,,,,,,
currencycloud.com,Currencycloud,none,,,,,no,,,,,,,
custodiem.com,Custodiem,none,,,,,no,,,,,,,
custodiem.dev,Custodiem,no_dns,,,,,no,,,,,,,
cybercamp.su,Cybercamp,none,,,,,no,,,,,,,
cyberghost.app,Cyberghost,no_dns,,,,,no,,,,,,,
cyberghost.com,Cyberghost,inconclusive,network unreachable,,,,no,,,,,,,
cyberghostvpn.com,Cyberghostvpn,none,,,,,no,,,,,,,
cybersource.com,Cybersource,confirmed,rpcerror,https://shop-hardware.cybersource.com/api/ucp/mcp,,,yes,no,yes,,https://shopify.com/authentication/18758157,openid email customer-account-api:full customer-account-mcp-api:full,,Storefront UCP endpoint
cycle.adr,Cycle,no_dns,,,,,no,,,,,,,
cysiv.com,Cysiv,none,,,,,no,,,,,,,
dailyadvent.com,Dailyadvent,none,,,,,no,,,,,,,
dana.id,Dana,confirmed,prm,https://mcp.dana.id/mcp | https://mcp.dana.id/sse | https://mcp.dana.id/ | https://mcp.dana.id/v1/mcp | https://mcp.dana.id/api/mcp | https://mcp.dana.id/mcp/,openaidanaapp,,yes,yes,yes,,https://mcp.dana.id,read:user user:email,https://dashboard.dana.id/api-docs-v2/guide/integration-mcp,
dancecentral.com,Dancecentral,none,,,,,no,,,,,,,
das.eu,Das,inconclusive,network unreachable,,,,no,,,,,,,
dash.ai,Dash,none,,,,,no,,,,,,,
databricks.com,Databricks,confirmed,documented,https://api.databricks.com/api/2.0/mcp/functions,,,no,,,auth unclear (HTTP 401),,,https://docs.databricks.com/aws/en/agents/mcp/managed-mcp,
datacamp.com,Datacamp,confirmed,live,https://mcp.datacamp.com/mcp | https://mcp.datacamp.com/v1/mcp | https://mcp.datacamp.com/mcp/,datacamp-mcp-server,,no,,,no auth required,,,https://www.datacamp.com/courses/introduction-to-model-context-protocol-mcp,
datadome.co,Datadome,confirmed,authwall,https://mcp.datadome.co/mcp,,,yes,yes,yes,,https://mcp.datadome.co/,openid,https://docs.datadome.co/docs/mcp-servers-protection,
datashield.co,Datashield,none,,,,,no,,,,,,,
datops.io,Datops,no_dns,,,,,no,,,,,,,
dd.doordash,Dd,no_dns,,,,,no,,,,,,,
ddfcontent.com,Ddfcontent,none,,,,,no,,,,,,,
decathlon.com,Decathlon,confirmed,live,https://decathlon.com/api/mcp,storefront-renderer,,yes,no,yes,,https://shopify.com/authentication/13306287,openid email customer-account-api:full customer-account-mcp-api:full,https://www.decathlon.com/api/ucp/mcp`,Shopify storefront MCP
decentraland.org,Decentraland,confirmed,live,https://docs.decentraland.org/~gitbook/mcp,mcp-typescript server on vercel,docs-platform server,no,,,no auth required,,,,
dee.alexaonwearos,Dee,no_dns,,,,,no,,,,,,,
dee.app,Dee,inconclusive,network unreachable,,,,no,,,,,,,
deepbrainchain.org,Deepbrainchain,none,,,,,no,,,,,,,
defi.wallet,Defi,no_dns,,,,,no,,,,,,,
definitivetechnology.com,Definitivetechnology,none,,,,,no,,,,,,,
defisaver.com,Defisaver,confirmed,live,https://docs.defisaver.com/~gitbook/mcp,mcp-typescript server on vercel,docs-platform server,no,,,no auth required,,,,
dell.com,Dell,doc_lead,,,,,no,,,,,,,
delltechnologies.com,Delltechnologies,doc_lead,,,,,no,,,,,,,
delta.app,Delta,none,,,,,no,,,,,,,
delta.io,Delta,none,,,,,no,,,,,,,
demandforced3.com,Demandforced3,none,,,,,no,,,,,,,
denon.com,Denon,none,,,,,no,,,,,,,
deribit.com,Deribit,confirmed,live,https://docs.deribit.com/mcp,,,no,,,no auth required,,,,
deriv.cloud,Deriv,no_dns,,,,,no,,,,,,,
deriv.com,Deriv,confirmed,live,https://mcp-api.deriv.com/mcp,MCP Server on Cloud Run,,no,,,no auth required,,,,
deriv.partners,Deriv,none,,,,,no,,,,,,,
derivws.com,Derivws,none,,,,,no,,,,,,,
designify.com,Designify,none,,,,,no,,,,,,,
desyn.io,Desyn,confirmed,live,https://docs.desyn.io/~gitbook/mcp,mcp-typescript server on vercel,docs-platform server,no,,,no auth required,,,,
devicelock.com,Devicelock,none,,,,,no,,,,,,,
dex-trade.com,Dex Trade,none,,,,,no,,,,,,,
dexalot.com,Dexalot,none,,,,,no,,,,,,,
dextf.com,Dextf,none,,,,,no,,,,,,,
dfinity.network,Dfinity,no_dns,,,,,no,,,,,,,
dfx.swiss,Dfx,none,,,,,no,,,,,,,
diabrowser.com,Diabrowser,none,,,,,no,,,,,,,
dicey.com,Dicey,none,,,,,no,,,,,,,
dicey.comn,Dicey,no_dns,,,,,no,,,,,,,
digift.io,Digift,none,,,,,no,,,,,,,
digitalcontrolroom.com,Digitalcontrolroom,none,,,,,no,,,,,,,
digitalocean.com,Digitalocean,confirmed,protected,https://apps.mcp.digitalocean.com/mcp | https://droplets.mcp.digitalocean.com/mcp | https://docs.mcp.digitalocean.com/mcp,,,yes,yes,yes,,https://cloud.digitalocean.com,,https://docs.digitalocean.com/reference/mcp/configure-mcp/,
digitaloceanmirrors.com,Digitaloceanmirrors,none,,,,,no,,,,,,,
digitaloceanpartners.com,Digitaloceanpartners,none,,,,,no,,,,,,,
digitaloceanspaces.com,Digitaloceanspaces,none,,,,,no,,,,,,,
digitaloceanstatus.com,Digitaloceanstatus,none,,,,,no,,,,,,,
digitaloceantest.com,Digitaloceantest,none,,,,,no,,,,,,,
directverify.in,Directverify,none,,,,,no,,,,,,,
discourse.org,Discourse,doc_lead,,,,,no,,,,,,,
discovery.app,Discovery,inconclusive,network unreachable,,,,no,,,,,,,
discoverycove.com,Discoverycove,none,,,,,no,,,,,,,
district.in,District,confirmed,authwall,https://mcp-server.district.in/mcp,,,no,,,static API key / bearer token,,,,
dmp.fr,Dmp,inconclusive,network unreachable,,,,no,,,,,,,
dns.eu,Dns,no_dns,,,,,no,,,,,,,
do-ai.run,Do Ai,confirmed,authwall,https://kbaas.do-ai.run/v1/mcp,,,no,,,auth unclear (HTTP 401),,,,
do.co,Do,none,,,,,no,,,,,,,
docsend.com,Docsend,confirmed,protected,https://mcp.docsend.com/mcp | https://docsend.com/mcp | https://api.docsend.com/mcp | https://mcp.docsend.com/mcp/ | https://api.docsend.com/mcp/,,,yes,yes,yes,,https://docsend.com,documents:read spaces:read spaces:write analytics:read contacts:read,https://docsend2pdf.com/mcp-docs,
docswallet.com,Docswallet,none,,,,,no,,,,,,,
dointernal.com,Dointernal,no_dns,,,,,no,,,,,,,
doj.io,Doj,none,,,,,no,,,,,,,
dojo.me,Dojo,none,,,,,no,,,,,,,
dolap.android,Dolap,no_dns,,,,,no,,,,,,,
dolap.com,Dolap,none,,,,,no,,,,,,,
domainname.com,Domainname,none,,,,,no,,,,,,,
dookeydash.com,Dookeydash,none,,,,,no,,,,,,,
doordash.com,Doordash,confirmed,authwall,https://openapi.doordash.com/mcp/consumer,,,yes,no,yes,,https://identity.doordash.com,mcp:consumer:write,,
doordash.doordashconsumer,Doordash,no_dns,,,,,no,,,,,,,
doppler.com,Doppler,confirmed,rpcerror,https://docs.doppler.com/mcp,,,yes,yes,yes,,https://dash.readme.com/oidc,openid offline_access mcp:read mcp:write email profile,,
doppler.team,Doppler,none,,,,,no,,,,,,,
doserverless-dev3.io,Doserverless Dev3,none,,,,,no,,,,,,,
doserverless.co,Doserverless,none,,,,,no,,,,,,,
dota2.com,Dota2,none,,,,,no,,,,,,,
dota2.exe,Dota2,no_dns,,,,,no,,,,,,,
dreamsresorts.com,Dreamsresorts,none,,,,,no,,,,,,,
drivegrab.com,Drivegrab,inconclusive,network unreachable,,,,no,,,,,,,
dropbox.android,Dropbox,no_dns,,,,,no,,,,,,,
dropbox.com,Dropbox,confirmed,protected,https://mcp.dropbox.com/mcp,,,yes,yes,yes,,https://www.dropbox.com,account_info.read file_requests.read file_requests.write files.content.read files.content.write files.metadata.read,https://help.dropbox.com/integrations/connect-dropbox-mcp-server,
dropbox.dash,Dropbox,no_dns,,,,,no,,,,,,,
dropbox.paper,Dropbox,no_dns,,,,,no,,,,,,,
dropboxer.net,Dropboxer,none,,,,,no,,,,,,,
dropboxforum.com,Dropboxforum,none,,,,,no,,,,,,,
dropboxpartners.com,Dropboxpartners,none,,,,,no,,,,,,,
dropmix.com,Dropmix,none,,,,,no,,,,,,,
dropxl.com,Dropxl,none,,,,,no,,,,,,,
dubsmash.com,Dubsmash,no_dns,,,,,no,,,,,,,
dxi.eu,Dxi,none,,,,,no,,,,,,,
dynatracelabs.com,Dynatracelabs,no_dns,,,,,no,,,,,,,
dyson.ae,Dyson,none,,,,,no,,,,,,,
dyson.at,Dyson,none,,,,,no,,,,,,,
dyson.be,Dyson,none,,,,,no,,,,,,,
dyson.ch,Dyson,none,,,,,no,,,,,,,
dyson.cn,Dyson,none,,,,,no,,,,,,,
dyson.com,Dyson,none,,,,,no,,,,,,,
dyson.cz,Dyson,none,,,,,no,,,,,,,
dyson.d,Dyson,no_dns,,,,,no,,,,,,,
dyson.de,Dyson,none,,,,,no,,,,,,,
dyson.dk,Dyson,none,,,,,no,,,,,,,
dyson.es,Dyson,none,,,,,no,,,,,,,
dyson.fr,Dyson,none,,,,,no,,,,,,,
dyson.hk,Dyson,none,,,,,no,,,,,,,
dyson.hu,Dyson,none,,,,,no,,,,,,,
dyson.ie,Dyson,none,,,,,no,,,,,,,
dyson.in,Dyson,none,,,,,no,,,,,,,
dyson.it,Dyson,none,,,,,no,,,,,,,
dyson.my,Dyson,none,,,,,no,,,,,,,
dyson.nl,Dyson,none,,,,,no,,,,,,,
dyson.no,Dyson,none,,,,,no,,,,,,,
dyson.pl,Dyson,none,,,,,no,,,,,,,
dyson.pt,Dyson,none,,,,,no,,,,,,,
dyson.ru,Dyson,no_dns,,,,,no,,,,,,,
dyson.se,Dyson,none,,,,,no,,,,,,,
dyson.tw,Dyson,none,,,,,no,,,,,,,
dyson.vn,Dyson,none,,,,,no,,,,,,,
dysoncanada.ca,Dysoncanada,none,,,,,no,,,,,,,
dzen.ru,Dzen,none,,,,,no,,,,,,,
dzeninfra.ru,Dzeninfra,no_dns,,,,,no,,,,,,,
e2ro.com,E2Ro,no_dns,,,,,no,,,,,,,
ean.com,Expedia (EAN),confirmed,protected,https://api.ean.com/mcp,,,yes,no,yes,,https://api.expediagroup.com/identity/oauth2/v3/oauth2,demand-solutions.demand-api-wrappers-prod.all,https://www.ean-search.org/mcp,
earlywarning.com,Earlywarning,none,,,,,no,,,,,,,
earlywarning.io,Earlywarning,no_dns,,,,,no,,,,,,,
easy.ac,Easy,none,,,,,no,,,,,,,
easy4ipcloud.com,Easy4Ipcloud,no_dns,,,,,no,,,,,,,
easycontactnow.com,Easycontactnow,none,,,,,no,,,,,,,
eazybi.com,Eazybi,none,,,,,no,,,,,,,
ebl.ch,Ebl,none,,,,,no,,,,,,,
ebookers.ch,Ebookers,none,,,,,no,,,,,,,
ebookers.com,Ebookers,none,,,,,no,,,,,,,
ebookers.de,Ebookers,none,,,,,no,,,,,,,
ebookers.fi,Ebookers,none,,,,,no,,,,,,,
ebookers.fr,Ebookers,none,,,,,no,,,,,,,
ebookers.ie,Ebookers,none,,,,,no,,,,,,,
ebs.ru,Ebs,none,,,,,no,,,,,,,
echosign.com,Echosign,none,,,,,no,,,,,,,
echosignsandbox.com,Echosignsandbox,none,,,,,no,,,,,,,
ecwid.com,Ecwid,confirmed,live,https://docs.ecwid.com/~gitbook/mcp,mcp-typescript server on vercel,docs-platform server,no,,,no auth required,,,,
edgex.exchange,Edgex,none,,,,,no,,,,,,,
edition.in,Edition,none,,,,,no,,,,,,,
editionhotels.com,Editionhotels,none,,,,,no,,,,,,,
edu.au,Edu,none,,,,,no,,,,,,,
eero.android,Eero,no_dns,,,,,no,,,,,,,
eero.com,Eero,none,,,,,no,,,,,,,
egadvertising.com,Egadvertising,inconclusive,network unreachable,,,,no,,,,,,,
eid.li,Eid,none,,,,,no,,,,,,,
einnovation.temu,Einnovation,no_dns,,,,,no,,,,,,,
ekartlogistics.com,Ekartlogistics,none,,,,,no,,,,,,,
ela.st,Ela,doc_lead,,,,,no,,,,,,,
elastic-cloud.com,Elastic Cloud,none,,,,,no,,,,,,,
elastic.co,Elastic,confirmed,protected,https://learn.elastic.co/v1/mcp | https://learn.elastic.co/mcp/sse,,,yes,no,no,,https://elastic.docebosaas.com,api,,
elastic.dev,Elastic,none,,,,,no,,,,,,,
elastic.wtf,Elastic,none,,,,,no,,,,,,,
elasticacademy.com,Elasticacademy,none,,,,,no,,,,,,,
elasticaccelerationzone.co,Elasticaccelerationzone,no_dns,,,,,no,,,,,,,
elasticapm.co,Elasticapm,none,,,,,no,,,,,,,
elasticbeats.wtf,Elasticbeats,none,,,,,no,,,,,,,
elasticcloud.wtf,Elasticcloud,none,,,,,no,,,,,,,
elasticgov.com,Elasticgov,none,,,,,no,,,,,,,
elasticloud.wtf,Elasticloud,none,,,,,no,,,,,,,
elasticnet.co,Elasticnet,no_dns,,,,,no,,,,,,,
elasticon.co,Elasticon,none,,,,,no,,,,,,,
elasticon.com,Elasticon,none,,,,,no,,,,,,,
elasticpartneracademy.com,Elasticpartneracademy,none,,,,,no,,,,,,,
elasticps.co,Elasticps,no_dns,,,,,no,,,,,,,
elasticsearch.com,Elasticsearch,inconclusive,network unreachable,,,,no,,,,,,,
elasticsearch.fr,Elasticsearch,none,,,,,no,,,,,,,
elasticsearch.jp,Elasticsearch,none,,,,,no,,,,,,,
elasticsearch.org,Elasticsearch,none,,,,,no,,,,,,,
elasticsearch.wtf,Elasticsearch,none,,,,,no,,,,,,,
electroneum.com,Electroneum,none,,,,,no,,,,,,,
eleganthotels.com,Eleganthotels,inconclusive,network unreachable,,,,no,,,,,,,
elementor.careers,Elementor,none,,,,,no,,,,,,,
elementor.com,Elementor,doc_lead,,,,,no,,,,,,,
elstc.co,Elstc,no_dns,,,,,no,,,,,,,
emakina.at,Emakina,none,,,,,no,,,,,,,
emakina.ch,Emakina,none,,,,,no,,,,,,,
emakina.com,Emakina,none,,,,,no,,,,,,,
emakina.fr,Emakina,none,,,,,no,,,,,,,
emakina.group,Emakina,none,,,,,no,,,,,,,
emakina.nl,Emakina,none,,,,,no,,,,,,,
emakina.us,Emakina,none,,,,,no,,,,,,,
enjin.io,Enjin,none,,,,,no,,,,,,,
enjinusercontent.com,Enjinusercontent,no_dns,,,,,no,,,,,,,
enjinx.cn,Enjinx,none,,,,,no,,,,,,,
enjinx.io,Enjinx,none,,,,,no,,,,,,,
enjoyselfish.com,Enjoyselfish,none,,,,,no,,,,,,,
ens.domains,Ens,none,,,,,no,,,,,,,
enspotify.com,Enspotify,no_dns,,,,,no,,,,,,,
eops.nl,Eops,no_dns,,,,,no,,,,,,,
epam.com,Epam,confirmed,protected,https://mcp.epam.com/mcp/ | https://mcp.epam.com/mcp/sse | https://mcp.epam.com/mcp/server | https://mcp.epam.com/mcp/mcp | https://mcp.epam.com/api/mcp,,,yes,yes,yes,,https://mcp.epam.com,,https://epam-a74ef051.mintlify.app/integrations/mcp/create-and-use-remote-mcp,
epicgames.com,Epicgames,doc_lead,,,,,no,,,,,,,
epicgames.dev,Epicgames,none,,,,,no,,,,,,,
epicgames.net,Epicgames,no_dns,,,,,no,,,,,,,
epicgameslauncher.exe,Epicgameslauncher,no_dns,,,,,no,,,,,,,
episerver.net,Episerver,inconclusive,network unreachable,,,,no,,,,,,,
equatorialguinea-evisa.com,Equatorialguinea Evisa,none,,,,,no,,,,,,,
escapia.com,Escapia,none,,,,,no,,,,,,,
estccdn.com,Estccdn,no_dns,,,,,no,,,,,,,
eternal.com,Eternal,none,,,,,no,,,,,,,
ethena.fi,Ethena,confirmed,live,https://docs.ethena.fi/~gitbook/mcp,mcp-typescript server on vercel,docs-platform server,no,,,no auth required,,,,
ether.fi,Ether,none,,,,,no,,,,,,,
etherscan.io,Etherscan,confirmed,live,https://docs.etherscan.io/mcp,,,no,,,no auth required,,,,
etoro.com,Etoro,confirmed,live,https://api-portal.etoro.com/mcp | https://mcp.public-api.etoro.com,eToro.Public.Api.Mcp,,no,,,no auth required,,,,
etoro.openbook,Etoro,no_dns,,,,,no,,,,,,,
etoro.wallet,Etoro,no_dns,,,,,no,,,,,,,
etoropartners.com,Etoropartners,none,,,,,no,,,,,,,
etorox.com,Etorox,none,,,,,no,,,,,,,
etsy.com,Etsy,confirmed,live,https://mcp.api.etsycloud.com/mcp | https://mcp.api.etsycloud.com/mcp/,etsy-openapi-mcp,,no,,,no auth required,,,,
etsypayments.com,Etsypayments,no_dns,,,,,no,,,,,,,
euid.eu,Euid,none,,,,,no,,,,,,,
eurid.eu,Eurid,none,,,,,no,,,,,,,
europolitan.se,Europolitan,inconclusive,network unreachable,,,,no,,,,,,,
evaa.finance,Evaa,none,,,,,no,,,,,,,
evernote.com,Evernote,confirmed,prm,https://mcp.evernote.com/mcp | https://mcp.evernote.com/sse | https://mcp.evernote.com/ | https://mcp.evernote.com/v1/mcp | https://mcp.evernote.com/api/mcp | https://mcp.evernote.com/mcp/,,,yes,yes,yes,,https://accounts.evernote.com,read create write delete,https://dev.evernote.com/mcp,
ex2b.com,Ex2B,none,,,,,no,,,,,,,
excalls.mobi,Excalls,none,,,,,no,,,,,,,
exchangemarketplace.com,Exchangemarketplace,none,,,,,no,,,,,,,
exness-careers.com,Exness Careers,none,,,,,no,,,,,,,
exness.bar,Exness,no_dns,,,,,no,,,,,,,
exness.cn,Exness,inconclusive,network unreachable,,,,no,,,,,,,
exness.co,Exness,no_dns,,,,,no,,,,,,,
exness.com,Exness,none,,,,,no,,,,,,,
exness.investments,Exness,no_dns,,,,,no,,,,,,,
exness.investor,Exness,no_dns,,,,,no,,,,,,,
exness.ru,Exness,no_dns,,,,,no,,,,,,,
exness.tld,Exness,no_dns,,,,,no,,,,,,,
exnessaffiliates.com,Exnessaffiliates,none,,,,,no,,,,,,,
exodus-movement.exodus,Exodus Movement,no_dns,,,,,no,,,,,,,
exodus.com,Exodus,none,,,,,no,,,,,,,
exodus.io,Exodus,none,,,,,no,,,,,,,
exodusmovement.exodus,Exodusmovement,no_dns,,,,,no,,,,,,,
expedia-aarp.com,Expedia Aarp,inconclusive,network unreachable,,,,no,,,,,,,
expedia.bookings,Expedia,no_dns,,,,,no,,,,,,,
expedia.com,Expedia,confirmed,documented,https://www.expedia.com/mcp,,,no,,,auth unclear (HTTP 403),,,,
expediacruises.com,Expediacruises,none,,,,,no,,,,,,,
expediagroup.com,Expediagroup,none,,,,,no,,,,,,,
expediapartnercentral.com,Expediapartnercentral,none,,,,,no,,,,,,,
expediataap.com,Expediataap,none,,,,,no,,,,,,,
expressapisv2.net,Expressapisv2,none,,,,,no,,,,,,,
expressmailguard.com,Expressmailguard,none,,,,,no,,,,,,,
expressvpn.com,Expressvpn,doc_lead,,,,,no,,,,,,,
expressvpn.jobs,Expressvpn,no_dns,,,,,no,,,,,,,
external.android,External,no_dns,,,,,no,,,,,,,
extraholidaysvacations.com,Extraholidaysvacations,none,,,,,no,,,,,,,
eziot.com,Eziot,none,,,,,no,,,,,,,
ezviz.com,Ezviz,none,,,,,no,,,,,,,
ezviz7.com,Ezviz7,none,,,,,no,,,,,,,
ezvizlife.com,Ezvizlife,none,,,,,no,,,,,,,
ezvizru.com,Ezvizru,none,,,,,no,,,,,,,
fab.com,Fab,none,,,,,no,,,,,,,
facebook.com,Facebook,confirmed,protected,https://mcp.facebook.com/ads,,,yes,yes,yes,,https://mcp.facebook.com/ads,ads_management ads_read catalog_management business_management pages_show_list instagram_basic,,
falcon-sandbox.com,Falcon Sandbox,none,,,,,no,,,,,,,
fallguys.com,Fallguys,none,,,,,no,,,,,,,
fanbox.cc,Fanbox,none,,,,,no,,,,,,,
fanduel.casino,Fanduel,none,,,,,no,,,,,,,
fanduel.com,Fanduel,none,,,,,no,,,,,,,
fanduel.design,Fanduel,none,,,,,no,,,,,,,
fanduel.racing,Fanduel,no_dns,,,,,no,,,,,,,
fanduel.sportsbook,Fanduel,no_dns,,,,,no,,,,,,,
faraday.ai,Faraday,confirmed,prm,https://mcp.faraday.ai/mcp,,,yes,yes,yes,,https://mcp.faraday.ai,,https://faraday.ai/docs/features/mcp,
faraday.io,Faraday,none,,,,,no,,,,,,,
fareharbor.com,Fareharbor,none,,,,,no,,,,,,,
fareharbor.engineering,Fareharbor,none,,,,,no,,,,,,,
fareharbor.me,Fareharbor,no_dns,,,,,no,,,,,,,
fareharborsites.com,Fareharborsites,none,,,,,no,,,,,,,
fashion4less.me,Fashion4Less,inconclusive,network unreachable,,,,no,,,,,,,
feednews.com,Feednews,none,,,,,no,,,,,,,
felixforus.ca,Felixforus,none,,,,,no,,,,,,,
ferra.ru,Ferra,none,,,,,no,,,,,,,
ferroprotocol.com,Ferroprotocol,confirmed,live,https://docs.ferroprotocol.com/~gitbook/mcp,mcp-typescript server on vercel,docs-platform server,no,,,no auth required,,,,
fewo-direkt.de,Fewo Direkt,none,,,,,no,,,,,,,
fga.dev,Fga,none,,,,,no,,,,,,,
fi.spankki,Fi,no_dns,,,,,no,,,,,,,
fidentity.ch,Fidentity,confirmed,live,https://docs.fidentity.ch/~gitbook/mcp,mcp-typescript server on vercel,docs-platform server,no,,,no auth required,,,,
figma.com,Figma,confirmed,prm,https://mcp.figma.com/mcp | https://api.figma.com/mcp | https://mcp.figma.com/mcp/ | https://mcp.figma.com/mcp/sse | https://mcp.figma.com/mcp/server | https://mcp.figma.com/mcp/mcp,,,yes,yes,yes,,https://api.figma.com,mcp:connect,https://developers.figma.com/docs/figma-mcp-server/remote-server-installation/,
fijiairways.com,Fijiairways,none,,,,,no,,,,,,,
filebox-solution.com,Filebox Solution,none,,,,,no,,,,,,,
files.com,Files,confirmed,protected,https://mysite.files.com/api/ai/mcp/v1/,,,yes,no,yes,,https://mysite.files.com,,,
fin.ai,Fin,confirmed,authwall,https://mcp.intercom.com/mcp,,,no,,,static API key / bearer token,,,,
financialforce.com,Financialforce,inconclusive,network unreachable,,,,no,,,,,,,
findaya.com,Findaya,none,,,,,no,,,,,,,
finicity.com,Finicity,none,,,,,no,,,,,,,
finicityreports.com,Finicityreports,none,,,,,no,,,,,,,
finlife.com,Finlife,none,,,,,no,,,,,,,
finlifepartners.com,Finlifepartners,none,,,,,no,,,,,,,
finshell.fin,Finshell,no_dns,,,,,no,,,,,,,
finshell.finance,Finshell,none,,,,,no,,,,,,,
finshell.wallet,Finshell,no_dns,,,,,no,,,,,,,
fintech.life,Fintech,none,,,,,no,,,,,,,
finzfin.com,Finzfin,none,,,,,no,,,,,,,
finzjr.com,Finzjr,none,,,,,no,,,,,,,
fireblocks.io,Fireblocks,confirmed,authwall,https://mcp.fireblocks.io/mcp | https://mcp.fireblocks.io/mcp/ | https://mcp.fireblocks.io/mcp/sse | https://mcp.fireblocks.io/mcp/server | https://mcp.fireblocks.io/mcp/mcp,,,no,,,static API key / bearer token,,,https://developers.fireblocks.com/mcp,
firefox.com,Firefox,none,,,,,no,,,,,,,
fitvermogen.nl,Fitvermogen,none,,,,,no,,,,,,,
fivetran.com,Fivetran,confirmed,protected,https://learn.fivetran.com/v1/mcp | https://learn.fivetran.com/mcp/sse,,,yes,no,no,,https://hvr-software.docebosaas.com,api,,
fizzy.do,Fizzy,none,,,,,no,,,,,,,
flashgap.fruits,Flashgap,no_dns,,,,,no,,,,,,,
flashgap.fruitz,Flashgap,no_dns,,,,,no,,,,,,,
flex.rabbit,Flex,no_dns,,,,,no,,,,,,,
flickr.com,Flickr,none,,,,,no,,,,,,,
flights.com,Flights,none,,,,,no,,,,,,,
flipkart.android,Flipkart,no_dns,,,,,no,,,,,,,
flipkart.com,Flipkart,inconclusive,network unreachable,,,,no,,,,,,,
flipkart.seller,Flipkart,no_dns,,,,,no,,,,,,,
flipkey.com,Flipkey,none,,,,,no,,,,,,,
flipster.io,Flipster,none,,,,,no,,,,,,,
floqast.app,Floqast,none,,,,,no,,,,,,,
floqast.engineering,Floqast,no_dns,,,,,no,,,,,,,
flourish-user-preview.com,Flourish User Preview,none,,,,,no,,,,,,,
flourish-user-templates.com,Flourish User Templates,none,,,,,no,,,,,,,
flourish.studio,Flourish,confirmed,protected,https://flourish-mcp-server.prd.k8s.flourishsoftware.com/mcp,,,yes,yes,yes,,https://flourish-mcp-server.prd.k8s.flourishsoftware.com,,,
flow.com,Flow,none,,,,,no,,,,,,,
flowsecurity.app,Flowsecurity,none,,,,,no,,,,,,,
flowwow.com,Flowwow,none,,,,,no,,,,,,,
flugladen.de,Flugladen,none,,,,,no,,,,,,,
flyiin.com,Flyiin,none,,,,,no,,,,,,,
flywheelnativecontainer.picks,Flywheelnativecontainer,no_dns,,,,,no,,,,,,,
fndlsb.net,Fndlsb,no_dns,,,,,no,,,,,,,
folioclient.com,Folioclient,none,,,,,no,,,,,,,
foliodigitalwealth.com,Foliodigitalwealth,inconclusive,network unreachable,,,,no,,,,,,,
foliofirst.com,Foliofirst,no_dns,,,,,no,,,,,,,
foliofn.com,Foliofn,inconclusive,network unreachable,,,,no,,,,,,,
folioidentity.com,Folioidentity,none,,,,,no,,,,,,,
folioinstitutional.com,Folioinstitutional,none,,,,,no,,,,,,,
folioinvesting.com,Folioinvesting,none,,,,,no,,,,,,,
folks.finance,Folks,confirmed,live,https://docs.folks.finance/~gitbook/mcp,mcp-typescript server on vercel,docs-platform server,no,,,no auth required,,,,
fondation-vinci.com,Fondation Vinci,none,,,,,no,,,,,,,
food.dax,Food,no_dns,,,,,no,,,,,,,
food.pax,Food,no_dns,,,,,no,,,,,,,
foodstorm.com,Foodstorm,none,,,,,no,,,,,,,
force.com,Force,none,,,,,no,,,,,,,
forescout.cloud,Forescout,none,,,,,no,,,,,,,
forescout.com,Forescout,none,,,,,no,,,,,,,
forescoutcloud.net,Forescoutcloud,no_dns,,,,,no,,,,,,,
forgeblocks.com,Forgeblocks,none,,,,,no,,,,,,,
forspotify.com,Forspotify,no_dns,,,,,no,,,,,,,
fortnite.com,Fortnite,none,,,,,no,,,,,,,
fortniteclient-android-shipping-arm64-es2.apk,Fortniteclient Android Shipping Arm64 Es2,no_dns,,,,,no,,,,,,,
fortniteclient-ios-shipping.ipa,Fortniteclient Ios Shipping,no_dns,,,,,no,,,,,,,
fortniteclient-win64-shipping.exe,Fortniteclient Win64 Shipping,no_dns,,,,,no,,,,,,,
fortnitelauncher-win64-shipping.exe,Fortnitelauncher Win64 Shipping,no_dns,,,,,no,,,,,,,
fortnitelauncher.exe,Fortnitelauncher,no_dns,,,,,no,,,,,,,
found.io,Found,no_dns,,,,,no,,,,,,,
fraedom.com,Fraedom,none,,,,,no,,,,,,,
frame.frameio,Frame,no_dns,,,,,no,,,,,,,
frame.io,Frame,confirmed,protected,https://mcp.frame.io/mcp | https://mcp.frame.io/mcp/,,,yes,yes,yes,,https://mcp.frame.io,openid AdobeID,https://next.developer.frame.io/_mcp/server,
frankencoin.com,Frankencoin,confirmed,live,https://mcp.frankencoin.com/mcp | https://mcp.frankencoin.com/messages,frankencoin,,no,,,no auth required,,,https://mcp.frankencoin.com/mcp`,
fraxscan.com,Fraxscan,none,,,,,no,,,,,,,
fresco.ios,Fresco,no_dns,,,,,no,,,,,,,
freshcaller.com,Freshcaller,none,,,,,no,,,,,,,
freshchat.com,Freshchat,none,,,,,no,,,,,,,
freshdesk.com,Freshdesk,confirmed,protected,https://mcp.freshdesk.com/mcp | https://mcp.freshdesk.com/mcp/ | https://mcp.freshdesk.com/mcp/sse | https://mcp.freshdesk.com/mcp/server | https://mcp.freshdesk.com/mcp/mcp,,,no,,,auth unclear (HTTP 401),,,https://support.freshdesk.com/support/solutions/articles/50000012670-model-context-protocol-mcp-integration-in-freshdesk-eap-,
freshdesk.helpdesk,Freshdesk,no_dns,,,,,no,,,,,,,
freshrelease.com,Freshrelease,none,,,,,no,,,,,,,
freshservice.com,Freshservice,confirmed,protected,https://mcp.freshservice.com/mcp | https://mcp.freshservice.com/mcp/ | https://mcp.freshservice.com/mcp/sse | https://mcp.freshservice.com/mcp/server | https://mcp.freshservice.com/mcp/mcp,,,no,,,auth unclear (HTTP 401),,,https://support.freshservice.com/support/solutions/articles/50000012678-model-context-protocol-mcp-integration-in-freshservice-eap-,
freshservice.helpdesk,Freshservice,no_dns,,,,,no,,,,,,,
freshthyme.com,Freshthyme,none,,,,,no,,,,,,,
freshworks.freshcaller,Freshworks,no_dns,,,,,no,,,,,,,
fromspotify.com,Fromspotify,no_dns,,,,,no,,,,,,,
front.com,Front,confirmed,live,https://dev.frontapp.com/mcp | https://mcp.frontapp.com/mcp,Front Platform,docs-platform server,yes,yes,yes,,https://dash.readme.com/oidc,openid offline_access mcp:read mcp:write email profile,,
frontapp.com,Front,confirmed,prm,https://mcp.frontapp.com/mcp | https://mcp.frontapp.com/mcp/,,,yes,no,yes,,https://app.frontapp.com,feature:mcp,https://dev.frontapp.com/docs/mcp-server,
frontapp.mobile,Frontapp,no_dns,,,,,no,,,,,,,
frontegg.com,Frontegg,confirmed,authwall,https://mcp.frontegg.com/mcp | https://mcp.frontegg.com/sse | https://mcp.frontegg.com/ | https://mcp.frontegg.com/v1/mcp | https://mcp.frontegg.com/mcp/ | https://mcp.frontegg.com/v1/sse,,,no,,,auth unclear (HTTP 403),,,https://developers.frontegg.com/agen-for-saas/configuration/hosting-mcp-gateway,
fstr.rocks,Fstr,none,,,,,no,,,,,,,
ftmscan.com,Ftmscan,none,,,,,no,,,,,,,
fulcrom.finance,Fulcrom,confirmed,live,https://docs.fulcrom.finance/~gitbook/mcp,mcp-typescript server on vercel,docs-platform server,no,,,no auth required,,,,
funjet.com,Funjet,none,,,,,no,,,,,,,
furycloud.io,Furycloud,inconclusive,network unreachable,,,,no,,,,,,,
furydocs.io,Furydocs,none,,,,,no,,,,,,,
fuze.com,Fuze,none,,,,,no,,,,,,,
fuze.me,Fuze,inconclusive,network unreachable,,,,no,,,,,,,
fuze.site,Fuze,no_dns,,,,,no,,,,,,,
fuzemeeting.com,Fuzemeeting,inconclusive,network unreachable,,,,no,,,,,,,
gala.com,Gala,none,,,,,no,,,,,,,
gala.games,Gala,none,,,,,no,,,,,,,
galabingo.com,Galabingo,none,,,,,no,,,,,,,
galacasino.com,Galacasino,none,,,,,no,,,,,,,
gamemaker.io,Gamemaker,none,,,,,no,,,,,,,
gametime.nba2011,Gametime,no_dns,,,,,no,,,,,,,
gametime.universal,Gametime,no_dns,,,,,no,,,,,,,
gamingtechnology.io,Gamingtechnology,no_dns,,,,,no,,,,,,,
gate.com,Gate,confirmed,live,https://docs.gate.com/mcp,,,no,,,no auth required,,,,
gazeta.ru,Gazeta,none,,,,,no,,,,,,,
gcr.io,Gcr,none,,,,,no,,,,,,,
gdax.com,Gdax,none,,,,,no,,,,,,,
gearset.com,Gearset,none,,,,,no,,,,,,,
geckoterminal.com,Geckoterminal,none,,,,,no,,,,,,,
geminiadvisory.io,Geminiadvisory,none,,,,,no,,,,,,,
geneva-staging.chat,Geneva Staging,none,,,,,no,,,,,,,
geneva-staging.com,Geneva Staging,none,,,,,no,,,,,,,
genevachat.staging,Genevachat,no_dns,,,,,no,,,,,,,
genoapay.com,Genoapay,none,,,,,no,,,,,,,
gesundheitsverbund.at,Gesundheitsverbund,none,,,,,no,,,,,,,
getaroom.com,Getaroom,none,,,,,no,,,,,,,
getdelta.android,Getdelta,no_dns,,,,,no,,,,,,,
getdelta.ios,Getdelta,no_dns,,,,,no,,,,,,,
gethypr.com,Gethypr,none,,,,,no,,,,,,,
getmeetio.com,Getmeetio,none,,,,,no,,,,,,,
getmeetio.meetio-enterprise,Getmeetio,no_dns,,,,,no,,,,,,,
getmoneytree.com,Moneytree,confirmed,protected,https://mcp.getmoneytree.com/mcp,,,yes,no,yes,,https://myaccount.getmoneytree.com,accounts_read transactions_read investment_accounts_read investment_transactions_read points_read,https://docs.link.getmoneytree.com/docs/api-domain,
getofficial.co,Getofficial,inconclusive,network unreachable,,,,no,,,,,,,
getorigen.com,Getorigen,no_dns,,,,,no,,,,,,,
getpocket.com,Getpocket,none,,,,,no,,,,,,,
getsurenow.com,Getsurenow,no_dns,,,,,no,,,,,,,
getsynapse.io,Getsynapse,none,,,,,no,,,,,,,
getworldcoin.com,Getworldcoin,none,,,,,no,,,,,,,
gimletmedia.com,Gimletmedia,none,,,,,no,,,,,,,
gitbook.io,Gitbook,none,,,,,no,,,,,,,
gitlab.com,Gitlab,confirmed,prm,https://gitlab.com/api/v4/mcp | https://gitlab.com/api/v4/orbit/mcp,,,yes,yes,yes,,https://gitlab.com,mcp,https://docs.gitlab.com/user/model_context_protocol/mcp_server/,
gitlab.net,Gitlab,no_dns,,,,,no,,,,,,,
gitlab.org,Gitlab,none,,,,,no,,,,,,,
gitlap.com,Gitlap,none,,,,,no,,,,,,,
glean.com,Glean,confirmed,live,https://developers.glean.com/mcp | https://developers.glean.com/api/mcp,glean-developer-docs,docs-platform server,no,,,no auth required,,,,
globalacademycme.com,Globalacademycme,none,,,,,no,,,,,,,
globalbookingsolutions.com,Globalbookingsolutions,no_dns,,,,,no,,,,,,,
globalhotelchoices.com,Globalhotelchoices,no_dns,,,,,no,,,,,,,
globalticket.com,Globalticket,confirmed,authwall,https://mcp.globalticket.com/,,,no,,,auth unclear (HTTP 403),,,,
gmgn.ai,Gmgn,confirmed,live,https://docs.gmgn.ai/~gitbook/mcp,mcp-typescript server on vercel,docs-platform server,no,,,no auth required,,,,
gmx.io,Gmx,none,,,,,no,,,,,,,
gnip.com,Gnip,none,,,,,no,,,,,,,
gnosisscan.io,Gnosisscan,none,,,,,no,,,,,,,
gobob.xyz,Gobob,confirmed,prm,https://gobob.xyz/.well-known/oauth-protected-resource,,,yes,no,no,,https://gobob.xyz,api:read,https://docs.gobob.xyz/docs/reference/,
gobugfree.com,Gobugfree,none,,,,,no,,,,,,,
gocardless-banking.io,Gocardless Banking,no_dns,,,,,no,,,,,,,
gocardless-cicd.io,Gocardless Cicd,no_dns,,,,,no,,,,,,,
gocardless-lab.io,Gocardless Lab,no_dns,,,,,no,,,,,,,
gocardless-staging.io,GoCardless (staging),confirmed,prm,https://mcp.gocardless-staging.io/mcp | https://mcp.gocardless-staging.io/ | https://mcp.gocardless-staging.io/mcp/ | https://mcp.gocardless-staging.io/mcp/sse | https://mcp.gocardless-staging.io/mcp/server | https://mcp.gocardless-staging.io/mcp/mcp,,,yes,yes,yes,,https://mcp.gocardless-staging.io,,https://mcp.gocardless-staging.io/,
gocardless.com,Gocardless,confirmed,prm,https://mcp.gocardless.com/mcp | https://mcp.gocardless.com/ | https://mcp.gocardless.com/mcp/ | https://mcp.gocardless.com/mcp/sse | https://mcp.gocardless.com/mcp/server | https://mcp.gocardless.com/mcp/mcp,,,yes,yes,yes,,https://mcp.gocardless.com,,https://developer.gocardless.com/developer-tools/mcp/,
gocardless.dev,Gocardless,no_dns,,,,,no,,,,,,,
gocardless.io,Gocardless,inconclusive,network unreachable,,,,no,,,,,,,
gofin.io,Gofin,no_dns,,,,,no,,,,,,,
gohenry.com,Gohenry,none,,,,,no,,,,,,,
gojek.com,Gojek,none,,,,,no,,,,,,,
gojekapi.com,Gojekapi,none,,,,,no,,,,,,,
golabs.io,Golabs,inconclusive,network unreachable,,,,no,,,,,,,
goldman.com,Goldman,inconclusive,network unreachable,,,,no,,,,,,,
goldmanpfm.com,Goldmanpfm,inconclusive,network unreachable,,,,no,,,,,,,
goldmansachs.com,Goldmansachs,none,,,,,no,,,,,,,
goldmansachsindices.com,Goldmansachsindices,inconclusive,network unreachable,,,,no,,,,,,,
goodrx.com,Goodrx,none,,,,,no,,,,,,,
goodrx.iphone,Goodrx,no_dns,,,,,no,,,,,,,
google.com,Google Cloud,confirmed,live,https://agentregistry.googleapis.com/mcp,StatelessServer,,yes,no,yes,,https://accounts.google.com/,https://www.googleapis.com/auth/agentregistry.read-write,,
googleapis.com,Google Cloud,confirmed,live,https://bigquery.googleapis.com/mcp | https://run.googleapis.com/mcp | https://compute.googleapis.com/mcp,StatelessServer,,yes,no,yes,,https://accounts.google.com/,https://www.googleapis.com/auth/bigquery,https://aiplatform.googleapis.com/mcp/generate`,
gop3.nl,Gop3,none,,,,,no,,,,,,,
gopayapi.com,Gopayapi,none,,,,,no,,,,,,,
gosuslugi.ru,Gosuslugi,none,,,,,no,,,,,,,
gotdrops.cloud,Gotdrops,inconclusive,network unreachable,,,,no,,,,,,,
gotdrops.com,Gotdrops,none,,,,,no,,,,,,,
gotinder.com,Gotinder,none,,,,,no,,,,,,,
gouv.fr,Gouv,confirmed,live,https://mcp.data.gouv.fr/mcp,data.gouv.fr MCP server,,no,,,no auth required,,,,
gov.mz,Gov,inconclusive,network unreachable,,,,no,,,,,,,
governmentjobs.com,Governmentjobs,none,,,,,no,,,,,,,
governorofpoker.com,Governorofpoker,none,,,,,no,,,,,,,
gpshopper.lunds,Gpshopper,no_dns,,,,,no,,,,,,,
grab-sure.com,Grab Sure,inconclusive,network unreachable,,,,no,,,,,,,
grab.careers,Grab,none,,,,,no,,,,,,,
grab.co,Grab,no_dns,,,,,no,,,,,,,
grab.com,Grab,none,,,,,no,,,,,,,
grab.merchant,Grab,no_dns,,,,,no,,,,,,,
grab.shuttleplus,Grab,no_dns,,,,,no,,,,,,,
graballstars.com,Graballstars,inconclusive,network unreachable,,,,no,,,,,,,
grabpay.com,Grabpay,none,,,,,no,,,,,,,
grabpay.merchant,Grabpay,no_dns,,,,,no,,,,,,,
grabtaxi.com,Grabtaxi,none,,,,,no,,,,,,,
grabtaxi.driver2,Grabtaxi,no_dns,,,,,no,,,,,,,
grabtaxi.io,Grabtaxi,no_dns,,,,,no,,,,,,,
grabtaxi.passenger,Grabtaxi,no_dns,,,,,no,,,,,,,
grammarly.ai,Grammarly,none,,,,,no,,,,,,,
grammarly.com,Grammarly,none,,,,,no,,,,,,,
grammarly.io,Grammarly,no_dns,,,,,no,,,,,,,
grammarly.keyboard,Grammarly,no_dns,,,,,no,,,,,,,
grammarly.net,Grammarly,none,,,,,no,,,,,,,
grammarlyaws.com,Grammarlyaws,no_dns,,,,,no,,,,,,,
grandvelas.com,Grandvelas,none,,,,,no,,,,,,,
granite.world,Granite,confirmed,live,https://docs.granite.world/~gitbook/mcp,mcp-typescript server on vercel,docs-platform server,no,,,no auth required,,,,
granularinsurance.com,Granularinsurance,none,,,,,no,,,,,,,
grateful.me,Grateful,none,,,,,no,,,,,,,
greenhouse.events,Greenhouse,none,,,,,no,,,,,,,
greenhouse.io,Greenhouse,confirmed,prm,https://mcp.us.greenhouse.io/mcp,,,yes,yes,yes,,https://mcp.us.greenhouse.io,greenhouse:mcp_client,,
greenhouse.recruiting,Greenhouse,no_dns,,,,,no,,,,,,,
grofer.io,Grofer,no_dns,,,,,no,,,,,,,
grofers.com,Grofers,none,,,,,no,,,,,,,
grofers.customerapp,Grofers,no_dns,,,,,no,,,,,,,
grok.com,Grok,none,,,,,no,,,,,,,
grokipedia.com,Grokipedia,none,,,,,no,,,,,,,
grovex.io,Grovex,none,,,,,no,,,,,,,
grwtrading.com,Grwtrading,no_dns,,,,,no,,,,,,,
gs.com,Gs,none,,,,,no,,,,,,,
gs.de,Gs,inconclusive,network unreachable,,,,no,,,,,,,
gsam.com,Gsam,none,,,,,no,,,,,,,
gsnow.external,Gsnow,no_dns,,,,,no,,,,,,,
gspublishing.com,Gspublishing,none,,,,,no,,,,,,,
gsselect.com,Gsselect,inconclusive,network unreachable,,,,no,,,,,,,
gstrader.external,Gstrader,no_dns,,,,,no,,,,,,,
gtflabs.io,Gtflabs,no_dns,,,,,no,,,,,,,
gv.at,Gv,no_dns,,,,,no,,,,,,,
gx.games,Gx,none,,,,,no,,,,,,,
gx.me,Gx,none,,,,,no,,,,,,,
h1test.com,H1Test,no_dns,,,,,no,,,,,,,
h2.finance,H2,confirmed,live,https://docs.h2.finance/~gitbook/mcp,mcp-typescript server on vercel,docs-platform server,no,,,no auth required,,,,
habileoh.com,Habileoh,no_dns,,,,,no,,,,,,,
hacken.io,Hacken,confirmed,live,https://mcp.hackenproof.com/mcp,,,no,,,no auth required,,,,
hacker101.com,Hacker101,none,,,,,no,,,,,,,
hackerone-ext-content.com,Hackerone Ext Content,none,,,,,no,,,,,,,
hackerone-user-content.com,Hackerone User Content,none,,,,,no,,,,,,,
hackerone.com,Hackerone,confirmed,rpcerror,https://hackerone.com/mcp | https://api.hackerone.com/mcp | https://api.hackerone.com/mcp/,,,no,,,auth unclear (HTTP 401),,,https://docs.hackerone.com/en/articles/16069077-hackerone-mcp-server-setup-tool-reference,
hackerone.live,Hackerone,none,,,,,no,,,,,,,
hackerone.net,Hackerone,no_dns,,,,,no,,,,,,,
hacking-lab.com,Hacking Lab,review,blocked / unclear,,,,no,,,,,,https://mitre.hacking-lab.com/,
hacktoberfest.com,Hacktoberfest,none,,,,,no,,,,,,,
happening.dev,Happening,no_dns,,,,,no,,,,,,,
harmanaudio.com,Harmanaudio,none,,,,,no,,,,,,,
harmankardon.com,Harmankardon,none,,,,,no,,,,,,,
harmonixmusic.com,Harmonixmusic,inconclusive,network unreachable,,,,no,,,,,,,
harmonsgrocery.com,Harmonsgrocery,none,,,,,no,,,,,,,
harmonyremote.com,Harmonyremote,none,,,,,no,,,,,,,
hartfordhealthcare.hhc247,Hartfordhealthcare,no_dns,,,,,no,,,,,,,
harvest.finance,Harvest,confirmed,live,https://docs.harvest.finance/~gitbook/mcp,mcp-typescript server on vercel,docs-platform server,no,,,no auth required,,,,
hashkey.com,Hashkey,none,,,,,no,,,,,,,
hatching.io,Hatching,none,,,,,no,,,,,,,
hc2services.com,Hc2Services,no_dns,,,,,no,,,,,,,
hc2tooling.com,Hc2Tooling,no_dns,,,,,no,,,,,,,
hcom.android,Hcom,no_dns,,,,,no,,,,,,,
health.international,Health,no_dns,,,,,no,,,,,,,
health.quickapp,Health,no_dns,,,,,no,,,,,,,
healthtech.malibu,Healthtech,no_dns,,,,,no,,,,,,,
heardle.app,Heardle,none,,,,,no,,,,,,,
hebtoyou.com,Hebtoyou,none,,,,,no,,,,,,,
helix.prod,Helix,no_dns,,,,,no,,,,,,,
hellofax.com,Hellofax,none,,,,,no,,,,,,,
hellogoodrx.com,Hellogoodrx,none,,,,,no,,,,,,,
hellosign.com,Hellosign,confirmed,live,https://developers.hellosign.com/mcp,fern-docs-mcp-server,docs-platform server,no,,,no auth required,,,,
helloworks.com,Helloworks,no_dns,,,,,no,,,,,,,
helpdesk.intune,Helpdesk,no_dns,,,,,no,,,,,,,
hemi.xyz,Hemi,none,,,,,no,,,,,,,
here.com,Here,confirmed,live,https://docs.here.com/mcp,HERE Technologies Documentation | HERE Docs,docs-platform server,yes,yes,yes,,https://dash.readme.com/oidc,openid offline_access mcp:read mcp:write email profile,,
hereapi.com,Hereapi,no_dns,,,,,no,,,,,,,
hermetica.fi,Hermetica,confirmed,live,https://docs.hermetica.fi/~gitbook/mcp,mcp-typescript server on vercel,docs-platform server,no,,,no auth required,,,,
herokuapp.com,Herokuapp,none,,,,,no,,,,,,,
hestview.com,Hestview,no_dns,,,,,no,,,,,,,
hey.app,Hey,none,,,,,no,,,,,,,
hey.com,Hey,none,,,,,no,,,,,,,
hey.exe,Hey,no_dns,,,,,no,,,,,,,
heydoctor.android,Heydoctor,no_dns,,,,,no,,,,,,,
heydoctor.iphone,Heydoctor,no_dns,,,,,no,,,,,,,
heytap.book,Heytap,no_dns,,,,,no,,,,,,,
heytap.browser,Heytap,no_dns,,,,,no,,,,,,,
heytap.cloud,Heytap,no_dns,,,,,no,,,,,,,
heytap.com,Heytap,none,,,,,no,,,,,,,
heytap.databaseengine,Heytap,no_dns,,,,,no,,,,,,,
heytap.heymelody,Heytap,no_dns,,,,,no,,,,,,,
heytap.mall,Heytap,no_dns,,,,,no,,,,,,,
heytap.market,Heytap,no_dns,,,,,no,,,,,,,
heytap.music,Heytap,no_dns,,,,,no,,,,,,,
heytap.pictorial,Heytap,no_dns,,,,,no,,,,,,,
heytap.reader,Heytap,no_dns,,,,,no,,,,,,,
heytap.research,Heytap,no_dns,,,,,no,,,,,,,
heytap.store,Heytap,no_dns,,,,,no,,,,,,,
heytap.tas,Heytap,no_dns,,,,,no,,,,,,,
heytap.themestore,Heytap,no_dns,,,,,no,,,,,,,
heytap.wallet,Heytap,no_dns,,,,,no,,,,,,,
heytap.xgame,Heytap,no_dns,,,,,no,,,,,,,
heytapmobi.com,Heytapmobi,none,,,,,no,,,,,,,
hh.ru,Hh,confirmed,authwall,https://mcp.hh.ru/mcp | https://mcp.hh.ru/sse | https://mcp.hh.ru/ | https://mcp.hh.ru/v1/mcp | https://mcp.hh.ru/api/mcp | https://mcp.hh.ru/mcp/,,,no,,,auth unclear (HTTP 403),,,https://hh.ru/,
hhc247.org,Hhc247,none,,,,,no,,,,,,,
hibachi.xyz,Hibachi,confirmed,live,https://docs.hibachi.xyz/~gitbook/mcp,mcp-typescript server on vercel,docs-platform server,no,,,no auth required,,,,
highwebmedia.com,Highwebmedia,no_dns,,,,,no,,,,,,,
hiro.so,Hiro,none,,,,,no,,,,,,,
hl.exe,Hl,no_dns,,,,,no,,,,,,,
hmh247.org,Hmh247,none,,,,,no,,,,,,,
hmxservices.com,Hmxservices,inconclusive,network unreachable,,,,no,,,,,,,
hmxwebservices.com,Hmxwebservices,no_dns,,,,,no,,,,,,,
holidaylettings.com,Holidaylettings,none,,,,,no,,,,,,,
hollisterco.com,Hollisterco,none,,,,,no,,,,,,,
honestdollar.com,Honestdollar,no_dns,,,,,no,,,,,,,
hope.money,Hope,confirmed,live,https://docs.hope.money/~gitbook/mcp,mcp-typescript server on vercel,docs-platform server,no,,,no auth required,,,,
horizen.io,Horizen,none,,,,,no,,,,,,,
horizonchase.com,Horizonchase,none,,,,,no,,,,,,,
horizonchaseturbo.com,Horizonchaseturbo,none,,,,,no,,,,,,,
hostgator.com,Hostgator,none,,,,,no,,,,,,,
hosting-ik.com,Hosting Ik,no_dns,,,,,no,,,,,,,
hosting24.com,Hosting24,none,,,,,no,,,,,,,
hostinger.com,Hostinger,confirmed,prm,https://mcp.hostinger.com/,,,yes,yes,yes,,https://auth.hostinger.com,mcp:use,https://www.hostinger.com/support/11079316-hostinger-api-mcp-server/,
hoteis.com,Hoteis,none,,,,,no,,,,,,,
hotelcasavelas.com,Hotelcasavelas,none,,,,,no,,,,,,,
hoteles.com,Hoteles,none,,,,,no,,,,,,,
hotels.com,Hotels,none,,,,,no,,,,,,,
hotelscombined.com,Hotelscombined,none,,,,,no,,,,,,,
hoteltonight-test.com,Hoteltonight Test,none,,,,,no,,,,,,,
hoteltonight.com,Hoteltonight,none,,,,,no,,,,,,,
hotornot.app,Hotornot,inconclusive,network unreachable,,,,no,,,,,,,
hotornot.com,Hotornot,none,,,,,no,,,,,,,
hotwire.com,Hotwire,review,blocked / unclear,,,,no,,,,,,http://developer.hotwire.com/docs/read/Home,
hotwire.hotels,Hotwire,no_dns,,,,,no,,,,,,,
hotwirepartnercentral.com,Hotwirepartnercentral,no_dns,,,,,no,,,,,,,
houseoffun.com,Houseoffun,none,,,,,no,,,,,,,
housetrip.com,Housetrip,inconclusive,network unreachable,,,,no,,,,,,,
hr-semrush.com,Hr Semrush,no_dns,,,,,no,,,,,,,
http1mustdie.com,Http1Mustdie,none,,,,,no,,,,,,,
htx.com,Htx,none,,,,,no,,,,,,,
hubapi.com,Hubapi,none,,,,,no,,,,,,,
hubspot.com,Hubspot,confirmed,prm,https://mcp.hubspot.com/,,,yes,no,yes,,https://mcp.hubspot.com,,https://developers.hubspot.com/docs/apps/developer-platform/build-apps/integrate-with-the-remote-hubspot-mcp-server,
hubspot.net,Hubspot,none,,,,,no,,,,,,,
hubspotemail.net,Hubspotemail,inconclusive,network unreachable,,,,no,,,,,,,
hubspotpagebuilder.com,Hubspotpagebuilder,confirmed,authwall,https://mcp.hubspotpagebuilder.com/mcp | https://mcp.hubspotpagebuilder.com/sse | https://mcp.hubspotpagebuilder.com/ | https://mcp.hubspotpagebuilder.com/v1/mcp | https://mcp.hubspotpagebuilder.com/api/mcp | https://mcp.hubspotpagebuilder.com/mcp/,,,no,,,auth unclear (HTTP 403),,,,
hubspotpagebuilder.eu,Hubspotpagebuilder,confirmed,authwall,https://mcp.hubspotpagebuilder.eu/mcp | https://mcp.hubspotpagebuilder.eu/sse | https://mcp.hubspotpagebuilder.eu/ | https://mcp.hubspotpagebuilder.eu/v1/mcp | https://mcp.hubspotpagebuilder.eu/api/mcp | https://mcp.hubspotpagebuilder.eu/mcp/,,,no,,,auth unclear (HTTP 403),,,,
humio.com,Humio,none,,,,,no,,,,,,,
hungrygowhere.com,Hungrygowhere,none,,,,,no,,,,,,,
hv-mtl.com,Hv Mtl,none,,,,,no,,,,,,,
hyatt.com,Hyatt,none,,,,,no,,,,,,,
hyattconnect.com,Hyattconnect,none,,,,,no,,,,,,,
hyattdev.com,Hyattdev,no_dns,,,,,no,,,,,,,
hyattinclusivecollection.com,Hyattinclusivecollection,none,,,,,no,,,,,,,
hybrid-analysis.com,Hybrid Analysis,none,,,,,no,,,,,,,
hyperevmscan.io,Hyperevmscan,none,,,,,no,,,,,,,
hyperlane.xyz,Hyperlane,confirmed,live,https://docs.hyperlane.xyz/mcp,,,no,,,no auth required,,,,
hypermint.com,Hypermint,none,,,,,no,,,,,,,
hyperpure.com,Hyperpure,none,,,,,no,,,,,,,
hyperwallet.com,Hyperwallet,none,,,,,no,,,,,,,
hypr.com,Hypr,none,,,,,no,,,,,,,
hypr.one,Hypr,none,,,,,no,,,,,,,
hyprunlock.exe,Hyprunlock,no_dns,,,,,no,,,,,,,
hytale.com,Hytale,none,,,,,no,,,,,,,
hytale.dev,Hytale,no_dns,,,,,no,,,,,,,
ibex.exchange,Ibex,no_dns,,,,,no,,,,,,,
ibops.net,Ibops,none,,,,,no,,,,,,,
ibotta.com,Ibotta,none,,,,,no,,,,,,,
ic0.app,Ic0,confirmed,authwall,https://mcp.ic0.app/mcp | https://mcp.ic0.app/sse | https://mcp.ic0.app/ | https://mcp.ic0.app/v1/mcp | https://mcp.ic0.app/api/mcp | https://mcp.ic0.app/mcp/,,,no,,,auth unclear (HTTP 400),,,,
id.ru,Id,none,,,,,no,,,,,,,
idos.network,Idos,none,,,,,no,,,,,,,
ignoreforjon.com,Ignoreforjon,no_dns,,,,,no,,,,,,,
ihm.candycane,Ihm,no_dns,,,,,no,,,,,,,
ikarem.io,Ikarem,inconclusive,network unreachable,,,,no,,,,,,,
illamasqua.com,Illamasqua,none,,,,,no,,,,,,,
imdbtv.livingroom,Imdbtv,no_dns,,,,,no,,,,,,,
immedia-semi.com,Immedia Semi,no_dns,,,,,no,,,,,,,
immunefi.com,Immunefi,none,,,,,no,,,,,,,
immutable.com,Immutable,confirmed,live,https://docs.immutable.com/mcp,,,no,,,no auth required,,,,
imou.com,Imou,none,,,,,no,,,,,,,
imoulife.com,Imoulife,none,,,,,no,,,,,,,
imperva.com,Imperva,doc_lead,,,,,no,,,,,,,
in2tel.ie,In2Tel,none,,,,,no,,,,,,,
incapsula.com,Incapsula,inconclusive,network unreachable,,,,no,,,,,,,
indeed.com,Indeed,confirmed,protected,https://mcp.indeed.com/claude/mcp,,,yes,yes,yes,,https://secure.indeed.com/,job_seeker.company.details.read job_seeker.jobs.search job_seeker.profile.read offline_access,,
indeed.net,Indeed,none,,,,,no,,,,,,,
indeed.tech,Indeed,none,,,,,no,,,,,,,
indeedflex.com,Indeedflex,none,,,,,no,,,,,,,
india.android,India,no_dns,,,,,no,,,,,,,
indiehackers.com,Indiehackers,doc_lead,,,,,no,,,,,,,
infinifi.xyz,Infinifi,confirmed,live,https://docs.infinifi.xyz/mcp,,,no,,,no auth required,,,,
infiniteathlete.ai,Infiniteathlete,none,,,,,no,,,,,,,
infomaniak.com,Infomaniak,none,,,,,no,,,,,,,
infomaniak.events,Infomaniak,none,,,,,no,,,,,,,
infomaniak.site,Infomaniak,none,,,,,no,,,,,,,
inichain.com,Inichain,none,,,,,no,,,,,,,
initverse.org,Initverse,none,,,,,no,,,,,,,
inkonchain.com,Inkonchain,none,,,,,no,,,,,,,
innovexperiments.com,Innovexperiments,inconclusive,network unreachable,,,,no,,,,,,,
inpli.se,Inpli,none,,,,,no,,,,,,,
inshokuten.com,Inshokuten,none,,,,,no,,,,,,,
insider.in,Insider,none,,,,,no,,,,,,,
insight.io,Insight,none,,,,,no,,,,,,,
insightly.com,Insightly,none,,,,,no,,,,,,,
insomnia.rest,Insomnia,doc_lead,,,,,no,,,,,,,
inspectorio.com,Inspectorio,none,,,,,no,,,,,,,
inspectorio.store,Inspectorio,no_dns,,,,,no,,,,,,,
instacart.client,Instacart,no_dns,,,,,no,,,,,,,
instacart.com,Instacart,confirmed,live,https://mcp.instacart.com/mcp | https://mcp.instacart.com/mcp/,InstacartRecipeServer,,no,,,no auth required,,,https://docs.instacart.com/developer_platform_api/guide/tutorials/mcp,
instacart.tools,Instacart,confirmed,live,https://mcp.dev.instacart.tools/mcp,InstacartRecipeServer,,no,,,no auth required,,,,
instadapp.io,Instadapp,none,,,,,no,,,,,,,
insuritly.com,Insuritly,no_dns,,,,,no,,,,,,,
intercom.com,Intercom,confirmed,documented,https://mcp.eu.intercom.com/mcp | https://mcp.intercom.com/mcp | https://mcp.intercom.com/sse | https://mcp.intercom.com/mcp/ | https://mcp.intercom.com/mcp/sse | https://mcp.intercom.com/mcp/server,,,no,,,static API key / bearer token,,,https://developers.intercom.com/docs/guides/mcp,
intercom.io,Intercom,none,,,,,no,,,,,,,
internal.hackerone,Internal,no_dns,,,,,no,,,,,,,
internetbrands.com,Internetbrands,none,,,,,no,,,,,,,
internetcomputer.org,Internet Computer / DFINITY,confirmed,prm,https://mcp.internetcomputer.org/mcp | https://mcp.internetcomputer.org/mcp/ | https://mcp.internetcomputer.org/mcp/sse | https://mcp.internetcomputer.org/mcp/server | https://mcp.internetcomputer.org/mcp/mcp,,,yes,yes,yes,,https://mcp.internetcomputer.org/mcp,,https://docs.internetcomputer.org/,
interseller.io,Interseller,none,,,,,no,,,,,,,
intigriti.com,Intigriti,none,,,,,no,,,,,,,
intigriti.io,Intigriti,no_dns,,,,,no,,,,,,,
intigriti.me,Intigriti,none,,,,,no,,,,,,,
intigriti.net,Intigriti,none,,,,,no,,,,,,,
intigriti.rocks,Intigriti,no_dns,,,,,no,,,,,,,
intuition.systems,Intuition,none,,,,,no,,,,,,,
io.coda,Io,no_dns,,,,,no,,,,,,,
io.metamask,Io,no_dns,,,,,no,,,,,,,
ionicframework.grabshuttle856802,Ionicframework,no_dns,,,,,no,,,,,,,
iphone.workfront,Iphone,no_dns,,,,,no,,,,,,,
irobot.at,Irobot,none,,,,,no,,,,,,,
irobot.be,Irobot,none,,,,,no,,,,,,,
irobot.ca,Irobot,none,,,,,no,,,,,,,
irobot.com,Irobot,none,,,,,no,,,,,,,
irobot.de,Irobot,none,,,,,no,,,,,,,
irobot.es,Irobot,none,,,,,no,,,,,,,
irobot.fr,Irobot,none,,,,,no,,,,,,,
irobot.ie,Irobot,none,,,,,no,,,,,,,
irobot.nl,Irobot,none,,,,,no,,,,,,,
irobot.pt,Irobot,none,,,,,no,,,,,,,
irobotapi.com,Irobotapi,no_dns,,,,,no,,,,,,,
ismeerkatdown.com,Ismeerkatdown,no_dns,,,,,no,,,,,,,
it-elements.com,It Elements,none,,,,,no,,,,,,,
it-elements.ru,It Elements,none,,,,,no,,,,,,,
itelements.events,Itelements,none,,,,,no,,,,,,,
itsfogo.com,Itsfogo,none,,,,,no,,,,,,,
itv.com,Itv,none,,,,,no,,,,,,,
jadedlabs.frenzy,Jadedlabs,no_dns,,,,,no,,,,,,,
jadedpixel.pos,Jadedpixel,no_dns,,,,,no,,,,,,,
jadedpixel.shopify,Jadedpixel,no_dns,,,,,no,,,,,,,
jamesdysonfoundation.com,Jamesdysonfoundation,no_dns,,,,,no,,,,,,,
jamesdysonfoundation.jp,Jamesdysonfoundation,no_dns,,,,,no,,,,,,,
jaybirdsport.com,Jaybirdsport,none,,,,,no,,,,,,,
jbl.com,Jbl,none,,,,,no,,,,,,,
jbl.nl,Jbl,none,,,,,no,,,,,,,
jbl.ru,Jbl,inconclusive,network unreachable,,,,no,,,,,,,
jellybtn.boardkings,Jellybtn,no_dns,,,,,no,,,,,,,
jellybtn.cashkingmobile,Jellybtn,no_dns,,,,,no,,,,,,,
jet-external.com,Jet External,no_dns,,,,,no,,,,,,,
jet.su,Jet,none,,,,,no,,,,,,,
jetcsirt.ru,Jetcsirt,none,,,,,no,,,,,,,
jetcsirt.su,Jetcsirt,none,,,,,no,,,,,,,
jetcybercamp.ru,Jetcybercamp,none,,,,,no,,,,,,,
jetinfo.com,Jetinfo,none,,,,,no,,,,,,,
jetinfo.ru,Jetinfo,none,,,,,no,,,,,,,
jetinfo.su,Jetinfo,none,,,,,no,,,,,,,
jetinfosystems.com,Jetinfosystems,none,,,,,no,,,,,,,
jit.si,Jit,no_dns,,,,,no,,,,,,,
jitsi.net,Jitsi,none,,,,,no,,,,,,,
jobapi.net,Jobapi,none,,,,,no,,,,,,,
jobsdb.com,Jobsdb,none,,,,,no,,,,,,,
jobstreet.com,Jobstreet,none,,,,,no,,,,,,,
jobvite.com,Jobvite,none,,,,,no,,,,,,,
joinmarriottbonvoy.com,Joinmarriottbonvoy,none,,,,,no,,,,,,,
jointhemoment.net,Jointhemoment,none,,,,,no,,,,,,,
jora.com,Jora,confirmed,prm,https://api.jora.com/.well-known/oauth-protected-resource/mcp,,,no,,,auth unclear (HTTP 404),,,,
jora.xyz,Jora,no_dns,,,,,no,,,,,,,
judge.me,Judge,none,,,,,no,,,,,,,
judgeme.dev,Judgeme,no_dns,,,,,no,,,,,,,
just-data.io,Just Data,inconclusive,network unreachable,,,,no,,,,,,,
just-eat.ch,Just Eat,none,,,,,no,,,,,,,
just-eat.com,Just Eat,none,,,,,no,,,,,,,
just-eat.es,Just Eat,none,,,,,no,,,,,,,
just-eat.io,Just Eat,no_dns,,,,,no,,,,,,,
justeat-int.com,Justeat Int,none,,,,,no,,,,,,,
justeattakeaway.com,Justeattakeaway,none,,,,,no,,,,,,,
jwt.io,Jwt,none,,,,,no,,,,,,,
k2.cloud,K2,none,,,,,no,,,,,,,
k8s.io,K8S,none,,,,,no,,,,,,,
kaiascan.io,Kaiascan,none,,,,,no,,,,,,,
kaleido.ai,Kaleido,none,,,,,no,,,,,,,
kamino.finance,Kamino,none,,,,,no,,,,,,,
kape.com,Kape,none,,,,,no,,,,,,,
kartaview.org,Kartaview,confirmed,prm,https://store.kartaview.org/api/ucp/mcp,,,yes,no,yes,,https://shopify.com/authentication/83238912303,openid email customer-account-api:full customer-account-mcp-api:full,,
kaspersky.com,Kaspersky,none,,,,,no,,,,,,,
kaspersky.ru,Kaspersky,none,,,,,no,,,,,,,
katanascan.com,Katanascan,none,,,,,no,,,,,,,
katanlabs.bubblepop,Katanlabs,no_dns,,,,,no,,,,,,,
katanlabs.matchballgame,Katanlabs,no_dns,,,,,no,,,,,,,
kawasemi.cloud,Kawasemi,none,,,,,no,,,,,,,
kayak.ai,Kayak,none,,,,,no,,,,,,,
kayak.android,Kayak,no_dns,,,,,no,,,,,,,
kayak.com,Kayak,none,,,,,no,,,,,,,
kayak.travel,Kayak,none,,,,,no,,,,,,,
kcex.com,Kcex,none,,,,,no,,,,,,,
kcex.io,Kcex,none,,,,,no,,,,,,,
keeper.io,Keeper,confirmed,live,https://docs.keeper.io/~gitbook/mcp | https://docs.keeper.io/~gitbook/mcp/,mcp-typescript server on vercel,docs-platform server,no,,,no auth required,,,,
keepersecurity.com,Keepersecurity,none,,,,,no,,,,,,,
keke.cn,Keke,none,,,,,no,,,,,,,
kelpdao.xyz,Kelpdao,none,,,,,no,,,,,,,
ketnet.be,Ketnet,none,,,,,no,,,,,,,
ketnet.ketnetjr,Ketnet,no_dns,,,,,no,,,,,,,
khealth-test.com,Khealth Test,none,,,,,no,,,,,,,
khealth.com,Khealth,none,,,,,no,,,,,,,
khealth.io,Khealth,no_dns,,,,,no,,,,,,,
khealth.us,Khealth,no_dns,,,,,no,,,,,,,
kibana.wtf,Kibana,none,,,,,no,,,,,,,
kidswebservices.com,Kidswebservices,none,,,,,no,,,,,,,
kiln.fi,Kiln,confirmed,live,https://docs.api.kiln.fi/mcp,Kiln API Docs,docs-platform server,yes,yes,yes,,https://dash.readme.com/oidc,openid offline_access mcp:read mcp:write email profile,,
kiln.it,Kiln,none,,,,,no,,,,,,,
kindredgroup.com,Kindredgroup,none,,,,,no,,,,,,,
kinergysolutions.com,Kinergysolutions,none,,,,,no,,,,,,,
kisan.app,Kisan,none,,,,,no,,,,,,,
kissandfly.com,Kissandfly,none,,,,,no,,,,,,,
kitcrm.com,Kitcrm,none,,,,,no,,,,,,,
kiteworks.dev,Kiteworks,no_dns,,,,,no,,,,,,,
kiwi.com,Kiwi,confirmed,live,https://mcp.kiwi.com/ | https://mcp.kiwi.com,,,no,,,no auth required,,,,
klarna.com,Klarna,none,,,,,no,,,,,,,
klarna.net,Klarna,none,,,,,no,,,,,,,
klarnacdn.net,Klarnacdn,no_dns,,,,,no,,,,,,,
klaviyo-dev.com,Klaviyo Dev,none,,,,,no,,,,,,,
klaviyo.com,Klaviyo,confirmed,prm,https://mcp.klaviyo.com/mcp | https://mcp.klaviyo.com/mcp/ | https://mcp.klaviyo.com/mcp/sse | https://mcp.klaviyo.com/mcp/server | https://mcp.klaviyo.com/mcp/mcp,,,yes,yes,yes,,https://mcp.klaviyo.com,,https://developers.klaviyo.com/en/docs/klaviyo_mcp_server,
klaviyomsv.com,Klaviyomsv,none,,,,,no,,,,,,,
kohls.com,Kohls,none,,,,,no,,,,,,,
koho.ca,Koho,none,,,,,no,,,,,,,
kolikkopelit.com,Kolikkopelit,none,,,,,no,,,,,,,
komoju.com,Komoju,confirmed,rpcerror,https://doc.komoju.com/mcp,,,yes,yes,yes,,https://dash.readme.com/oidc,openid offline_access mcp:read mcp:write email profile,https://shop.komoju.com/api/ucp/mcp`,
konghq.com,Konghq,confirmed,authwall,https://au.mcp.konghq.com/ | https://eu.mcp.konghq.com/ | https://in.mcp.konghq.com/ | https://us.mcp.konghq.com/,,,no,,,auth unclear (HTTP 401),,,,
konsol.pro,Konsol,none,,,,,no,,,,,,,
konsol.team,Konsol,no_dns,,,,,no,,,,,,,
konsolpro.konsolpro,Konsolpro,no_dns,,,,,no,,,,,,,
kontur.host,Kontur,none,,,,,no,,,,,,,
kontur.ru,Kontur,none,,,,,no,,,,,,,
konylabs.capitalone,Konylabs,no_dns,,,,,no,,,,,,,
korta.is,Korta,none,,,,,no,,,,,,,
kortathjonustan.is,Kortathjonustan,no_dns,,,,,no,,,,,,,
krisp.ai,Krisp,confirmed,prm,https://mcp.krisp.ai/mcp | https://mcp.krisp.ai/mcp/,,,yes,no,no,,https://mcp.krisp.ai,user::me::read user::meetings:metadata::read user::meetings:metadata::write user::meetings:notes::read user::meetings:transcripts::read user::meetings::list,https://help.krisp.ai/hc/en-us/articles/25396920405148-Krisp-MCP,
kronor.io,Kronor,confirmed,prm,https://mcp.kronor.io/mcp/server,,,yes,yes,yes,,https://mcp.kronor.io,mcp offline_access,https://docs.kronor.io/getting_started,
kubchain.com,Kubchain,confirmed,live,https://docs.kubchain.com/~gitbook/mcp,mcp-typescript server on vercel,docs-platform server,no,,,no auth required,,,,
kubernetes.io,Kubernetes,none,,,,,no,,,,,,,
kucoin.com,Kucoin,doc_lead,,,,,no,,,,,,,
kuper.ru,Kuper,none,,,,,no,,,,,,,
lab-recherche-environnement.org,Lab Recherche Environnement,none,,,,,no,,,,,,,
labs-semrush.com,Labs Semrush,no_dns,,,,,no,,,,,,,
ladbrokes.com,Ladbrokes,none,,,,,no,,,,,,,
lafourchette.com,Lafourchette,none,,,,,no,,,,,,,
langfuse.com,Langfuse,confirmed,live,https://langfuse.com/api/mcp | https://langfuse.com/api/mcp/,,,no,,,no auth required,,,,
larksuite.com,Larksuite,confirmed,protected,https://mcp.larksuite.com/mcp | https://mcp.larksuite.com/mcp/ | https://mcp.larksuite.com/mcp/sse | https://mcp.larksuite.com/mcp/server | https://mcp.larksuite.com/mcp/mcp,,,yes,yes,yes,,https://accounts.larksuite.com/mcp,mcp-tool:common:fetch-file-v2 mcp-tool:common:get-user mcp-tool:common:search-user mcp-tool:docs:search-doc mcp-tool:docs:create-doc mcp-tool:docs:fetch-doc,https://open.larksuite.com/document/mcp_open_tools/call-feishu-mcp-server-in-remote-mode,
larksuite.suite,Larksuite,no_dns,,,,,no,,,,,,,
larksuite.us,Larksuite,none,,,,,no,,,,,,,
lascana.de,Lascana,none,,,,,no,,,,,,,
lastpass.com,Lastpass,doc_lead,,,,,no,,,,,,,
latitudefinancial.com,Latitudefinancial,none,,,,,no,,,,,,,
latitudepay.com,Latitudepay,none,,,,,no,,,,,,,
latitudepayapps.com,Latitudepayapps,no_dns,,,,,no,,,,,,,
layer3.xyz,Layer3,none,,,,,no,,,,,,,
lego.me,Lego,inconclusive,network unreachable,,,,no,,,,,,,
lemon8-app.us,Lemon8 App,no_dns,,,,,no,,,,,,,
lemonaid.com,Lemonaid,none,,,,,no,,,,,,,
lemonaidhealth.com,Lemonaidhealth,none,,,,,no,,,,,,,
lemonsqueezy.com,Lemonsqueezy,none,,,,,no,,,,,,,
lenta.ru,Lenta,none,,,,,no,,,,,,,
letidor.ru,Letidor,none,,,,,no,,,,,,,
letsexchange.io,Letsexchange,none,,,,,no,,,,,,,
letspaylater.ph,Letspaylater,none,,,,,no,,,,,,,
levex.com,Levex,none,,,,,no,,,,,,,
lfscnp.com,Lfscnp,no_dns,,,,,no,,,,,,,
lh360.com,Lh360,none,,,,,no,,,,,,,
li.me,Li,none,,,,,no,,,,,,,
lido.fi,Lido,none,,,,,no,,,,,,,
lieferando.de,Lieferando,none,,,,,no,,,,,,,
lightspark.com,Lightspark,confirmed,live,https://docs.lightspark.com/mcp,,,no,,,no auth required,,,,
lightspeed.app,Lightspeed,none,,,,,no,,,,,,,
lime.bike,Lime,none,,,,,no,,,,,,,
limeinternal.com,Limeinternal,no_dns,,,,,no,,,,,,,
line-works.com,Line Works,none,,,,,no,,,,,,,
lineascan.build,Lineascan,none,,,,,no,,,,,,,
link.co,Link,none,,,,,no,,,,,,,
linkedin.android,Linkedin,no_dns,,,,,no,,,,,,,
linkedin.com,Linkedin,doc_lead,,,,,no,,,,,,,
linkpop.com,Linkpop,none,,,,,no,,,,,,,
livejournal.com,Livejournal,none,,,,,no,,,,,,,
livestream.com,Livestream,none,,,,,no,,,,,,,
livestream.livestream,Livestream,no_dns,,,,,no,,,,,,,
loanbuilder.com,Loanbuilder,inconclusive,network unreachable,,,,no,,,,,,,
logi.com,Logi,none,,,,,no,,,,,,,
logitech-channel-marketing.com,Logitech Channel Marketing,no_dns,,,,,no,,,,,,,
logitech-partner.com,Logitech Partner,inconclusive,network unreachable,,,,no,,,,,,,
logitech.circle,Logitech,no_dns,,,,,no,,,,,,,
logitech.com,Logitech,none,,,,,no,,,,,,,
logitech.io,Logitech,none,,,,,no,,,,,,,
logitech.logue,Logitech,no_dns,,,,,no,,,,,,,
logitech.ueboom,Logitech,no_dns,,,,,no,,,,,,,
logitechauthorization.com,Logitechauthorization,no_dns,,,,,no,,,,,,,
logitechclub.com,Logitech (store),confirmed,live,https://logitechclub.com/api/mcp,storefront-renderer,,yes,no,yes,,https://shopify.com/authentication/56775999639,openid email customer-account-api:full customer-account-mcp-api:full,,Shopify storefront MCP
logitechg.com,Logitechg,none,,,,,no,,,,,,,
logitechgchallenge.com,Logitechgchallenge,none,,,,,no,,,,,,,
logitechmusic.com,Logitechmusic,no_dns,,,,,no,,,,,,,
logstash.net,Logstash,none,,,,,no,,,,,,,
logstash.wtf,Logstash,none,,,,,no,,,,,,,
lol.onevone,Lol,no_dns,,,,,no,,,,,,,
lombard.finance,Lombard,none,,,,,no,,,,,,,
longos.com,Longos,none,,,,,no,,,,,,,
lookfantastic.com,Lookfantastic,none,,,,,no,,,,,,,
loom.com,Loom,none,,,,,no,,,,,,,
loudr.com,Loudr,no_dns,,,,,no,,,,,,,
loudr.fm,Loudr,none,,,,,no,,,,,,,
lowesfoods.com,Lowesfoods,none,,,,,no,,,,,,,
luckydays.ca,Luckydays,none,,,,,no,,,,,,,
luckydays.com,Luckydays,none,,,,,no,,,,,,,
lucra.live,Lucra,none,,,,,no,,,,,,,
lukwerks.com,Lukwerks,no_dns,,,,,no,,,,,,,
lululemon.com,Lululemon,none,,,,,no,,,,,,,
lululemon.de,Lululemon,none,,,,,no,,,,,,,
lululemon.es,Lululemon,none,,,,,no,,,,,,,
lululemon.fr,Lululemon,none,,,,,no,,,,,,,
lululemon.me,Lululemon,inconclusive,network unreachable,,,,no,,,,,,,
lundsandbyerlys.com,Lundsandbyerlys,none,,,,,no,,,,,,,
luno.com,Luno,none,,,,,no,,,,,,,
luxuryretreats.com,Luxuryretreats,none,,,,,no,,,,,,,
luxuryretreats.ios,Luxuryretreats,no_dns,,,,,no,,,,,,,
lyst.co,Lyst,no_dns,,,,,no,,,,,,,
lyst.com,Lyst,none,,,,,no,,,,,,,
lyst.lystapp,Lyst,no_dns,,,,,no,,,,,,,
lystit.com,Lystit,none,,,,,no,,,,,,,
maf.ae,Maf,inconclusive,network unreachable,,,,no,,,,,,,
mafshoppingmalls.com,Mafshoppingmalls,none,,,,,no,,,,,,,
magento.cloud,Magento,none,,,,,no,,,,,,,
magento.com,Magento,none,,,,,no,,,,,,,
magentocommerce.com,Magentocommerce,none,,,,,no,,,,,,,
magentolive.com,Magentolive,none,,,,,no,,,,,,,
magic.link,Magic,confirmed,live,https://docs.magic.link/mcp,,,no,,,no auth required,,,,
magiceden.android,Magiceden,no_dns,,,,,no,,,,,,,
magiceden.io,Magiceden,confirmed,rpcerror,https://docs.magiceden.io/mcp,,,yes,yes,yes,,https://dash.readme.com/oidc,openid offline_access mcp:read mcp:write email profile,,
magiceden.wallet,Magiceden,no_dns,,,,,no,,,,,,,
magicjackpot.ro,Magicjackpot,no_dns,,,,,no,,,,,,,
magicplanetmena.com,Magicplanetmena,inconclusive,network unreachable,,,,no,,,,,,,
magisto.com,Magisto,none,,,,,no,,,,,,,
mail.ru,Mail,none,,,,,no,,,,,,,
malloftheemirates.com,Malloftheemirates,none,,,,,no,,,,,,,
mangerbouger.fr,Mangerbouger,none,,,,,no,,,,,,,
mantle.xyz,Mantle,confirmed,live,https://docs.mantle.xyz/~gitbook/mcp,mcp-typescript server on vercel,docs-platform server,no,,,no auth required,,,,
mapbox.com,Mapbox,confirmed,prm,https://mcp.mapbox.com/mcp | https://mcp.mapbox.com/ | https://mcp.mapbox.com/mcp/,,,yes,yes,yes,,https://mcp.mapbox.com,styles:tiles styles:read fonts:read datasets:read tokens:read,https://docs.mapbox.com/api/guides/mcp-server/,
marantz.com,Marantz,none,,,,,no,,,,,,,
marcus.android,Marcus,no_dns,,,,,no,,,,,,,
marcus.com,Marcus,none,,,,,no,,,,,,,
marcus.ios-uk,Marcus,no_dns,,,,,no,,,,,,,
marcus.ios-us,Marcus,no_dns,,,,,no,,,,,,,
mariacasino.com,Mariacasino,none,,,,,no,,,,,,,
marketo.com,Marketo,inconclusive,network unreachable,,,,no,,,,,,,
marktravel.com,Marktravel,inconclusive,network unreachable,,,,no,,,,,,,
marriott.com,Marriott,none,,,,,no,,,,,,,
marriott.mrt,Marriott,no_dns,,,,,no,,,,,,,
marriottbonvoy.com,Marriottbonvoy,none,,,,,no,,,,,,,
marrtool.com,Marrtool,inconclusive,network unreachable,,,,no,,,,,,,
marsecosystem.com,Marsecosystem,confirmed,live,https://docs.marsecosystem.com/~gitbook/mcp,mcp-typescript server on vercel,docs-platform server,no,,,no auth required,,,,
mask.io,Mask,none,,,,,no,,,,,,,
mastercard.ch,Mastercard,none,,,,,no,,,,,,,
mastercard.com,Mastercard,confirmed,prm,https://mcdevelop.mcp.mastercard.com/mcp,,,yes,yes,yes,,https://mcdevelop.mcp.mastercard.com,,,
mastercard.nl,Mastercard,none,,,,,no,,,,,,,
mastercard.us,Mastercard,none,,,,,no,,,,,,,
matcha.xyz,Matcha,none,,,,,no,,,,,,,
matic.network,Matic,no_dns,,,,,no,,,,,,,
matomo.cloud,Matomo,none,,,,,no,,,,,,,
matomo.org,Matomo,confirmed,prm,https://partners.matomo.org/mcp | https://partners.matomo.org/mcp/,,,yes,yes,yes,,https://partners.matomo.org,mcp:read mcp:write,,
mattermost.com,Mattermost,doc_lead,,,,,no,,,,,,,
maventa.com,Maventa,none,,,,,no,,,,,,,
max.ru,Max,none,,,,,no,,,,,,,
maxpatrol.com,Maxpatrol,none,,,,,no,,,,,,,
maxpatrol.ru,Maxpatrol,none,,,,,no,,,,,,,
mayoclinic.org,Mayoclinic,none,,,,,no,,,,,,,
mdedge.com,Mdedge,none,,,,,no,,,,,,,
mdvmm.xyz,Mdvmm,none,,,,,no,,,,,,,
mediamarkt.at,Mediamarkt,none,,,,,no,,,,,,,
mediamarkt.be,Mediamarkt,none,,,,,no,,,,,,,
mediamarkt.ch,Mediamarkt,none,,,,,no,,,,,,,
mediamarkt.de,Mediamarkt,none,,,,,no,,,,,,,
mediamarkt.es,Mediamarkt,confirmed,prm,https://canarias.mediamarkt.es/api/ucp/mcp,,,yes,no,yes,,https://shopify.com/authentication/28537028668,openid email customer-account-api:full customer-account-mcp-api:full,,
mediamarkt.hu,Mediamarkt,none,,,,,no,,,,,,,
mediamarkt.nl,Mediamarkt,none,,,,,no,,,,,,,
mediamarkt.pl,Mediamarkt,none,,,,,no,,,,,,,
mediaworld.it,Mediaworld,none,,,,,no,,,,,,,
medscape.com,Medscape,none,,,,,no,,,,,,,
meebits.app,Meebits,none,,,,,no,,,,,,,
meebits.com,Meebits,none,,,,,no,,,,,,,
meesho.com,Meesho,confirmed,authwall,https://mcp.meesho.com/mcp | https://mcp.meesho.com/sse | https://mcp.meesho.com/ | https://mcp.meesho.com/v1/mcp | https://mcp.meesho.com/api/mcp | https://mcp.meesho.com/mcp/,,,no,,,auth unclear (HTTP 400),,,,
meesho.io,Meesho,none,,,,,no,,,,,,,
meesho.supply,Meesho,none,,,,,no,,,,,,,
meeshoapi.com,Meeshoapi,no_dns,,,,,no,,,,,,,
meeshosupply.com,Meeshosupply,none,,,,,no,,,,,,,
meetiobook.com,Meetiobook,none,,,,,no,,,,,,,
megaphone-staging.fm,Megaphone Staging,none,,,,,no,,,,,,,
megaphone.fm,Megaphone,none,,,,,no,,,,,,,
melonapp.com,Melonapp,none,,,,,no,,,,,,,
mementoblockchain.com,Mementoblockchain,confirmed,live,https://docs.mementoblockchain.com/~gitbook/mcp,mcp-typescript server on vercel,docs-platform server,no,,,no auth required,,,,
memorable.io,Memorable,none,,,,,no,,,,,,,
meraki.com,Meraki,confirmed,live,https://mcp.meraki.com/mcp,,,no,,,no auth required,,,,
mercadoads.com,Mercadoads,no_dns,,,,,no,,,,,,,
mercadobackoffice.com,Mercadobackoffice,none,,,,,no,,,,,,,
mercadoenvios.crowdsourcing,Mercadoenvios,no_dns,,,,,no,,,,,,,
mercadoenvios.driver,Mercadoenvios,no_dns,,,,,no,,,,,,,
mercadoenvios.logistics,Mercadoenvios,no_dns,,,,,no,,,,,,,
mercadolibre.cl,Mercadolibre,none,,,,,no,,,,,,,
mercadolibre.com,Mercadolibre,confirmed,prm,https://mcp.mercadolibre.com/mcp | https://mcp.mercadolibre.com/sse | https://mcp.mercadolibre.com/mcp/ | https://mcp.mercadolibre.com/mcp/sse | https://mcp.mercadolibre.com/messages | https://mcp.mercadolibre.com/mcp/server,,,yes,yes,yes,,https://mcp.mercadolibre.com/mcp,read write offline_access,https://developers.mercadolibre.com.uy/mcp-server,
mercadolibreexperience.cl,Mercadolibreexperience,none,,,,,no,,,,,,,
mercadolivre.com,Mercadolivre,none,,,,,no,,,,,,,
mercadopago.cl,Mercadopago,confirmed,prm,https://mcp.mercadopago.com/mcp | https://mcp.mercadopago.com/mcp/,,,yes,yes,yes,,https://mcp.mercadopago.com/mcp,offline_access write read,,
mercadopago.com,Mercadopago,confirmed,prm,https://mcp.mercadopago.com/mcp | https://mcp.mercadopago.com/sse | https://mcp.mercadopago.com/mcp/ | https://mcp.mercadopago.com/mcp/sse | https://mcp.mercadopago.com/messages | https://mcp.mercadopago.com/mcp/server,,,yes,yes,yes,,https://mcp.mercadopago.com/mcp,offline_access write read,https://www.mercadopago.com.ar/developers/en/docs/mcp-server/connection,
mercadopago.mercadopago,Mercadopago,no_dns,,,,,no,,,,,,,
mercadopago.wallet,Mercadopago,no_dns,,,,,no,,,,,,,
mercadoplay.co,Mercadoplay,none,,,,,no,,,,,,,
mercadoplay.pe,Mercadoplay,none,,,,,no,,,,,,,
mercadoplay.uy,Mercadoplay,none,,,,,no,,,,,,,
mercadoshops.cl,Mercadoshops,none,,,,,no,,,,,,,
mercadoshops.com,Mercadoshops,none,,,,,no,,,,,,,
merchant.client,Merchant,no_dns,,,,,no,,,,,,,
mergify.com,Mergify,none,,,,,no,,,,,,,
metamask.io,Metamask,none,,,,,no,,,,,,,
metamask.metamask,Metamask,no_dns,,,,,no,,,,,,,
metrobyt-mobile.com,Metrobyt Mobile,none,,,,,no,,,,,,,
metronome.com,Metronome,confirmed,live,https://docs.metronome.com/mcp,,,no,,,no auth required,,,,
mevo.com,Mevo,none,,,,,no,,,,,,,
mexc.com,Mexc,none,,,,,no,,,,,,,
mgbcareconnect.org,Mgbcareconnect,none,,,,,no,,,,,,,
mgm.mo,Mgm,none,,,,,no,,,,,,,
mgmmacau.com,Mgmmacau,none,,,,,no,,,,,,,
microsoft.com,Microsoft,confirmed,live,https://learn.microsoft.com/api/mcp | https://learn.microsoft.com/api/mcp/,,,no,,,no auth required,,,,
midas.app,Midas,none,,,,,no,,,,,,,
midtrans.com,Midtrans,confirmed,rpcerror,https://docs.midtrans.com/mcp,,,yes,yes,yes,,https://dash.readme.com/oidc,openid offline_access mcp:read mcp:write email profile,,
milla.android,Milla,no_dns,,,,,no,,,,,,,
mindnetwork.xyz,Mindnetwork,confirmed,live,https://docs.mindnetwork.xyz/~gitbook/mcp,mcp-typescript server on vercel,docs-platform server,no,,,no auth required,,,,
miniapp.sports,Miniapp,no_dns,,,,,no,,,,,,,
minted.network,Minted,none,,,,,no,,,,,,,
mintmobile.com,Mintmobile,none,,,,,no,,,,,,,
mioot.com,Mioot,none,,,,,no,,,,,,,
mixamo.com,Mixamo,no_dns,,,,,no,,,,,,,
mlife.mo,Mlife,none,,,,,no,,,,,,,
mlstatic.com,Mlstatic,no_dns,,,,,no,,,,,,,
mmcdn.com,Mmcdn,none,,,,,no,,,,,,,
mmwebc.dev,Mmwebc,no_dns,,,,,no,,,,,,,
mobile.android,Mobile,no_dns,,,,,no,,,,,,,
mobile.app,Mobile,no_dns,,,,,no,,,,,,,
mobile.cpv,Mobile,no_dns,,,,,no,,,,,,,
mobile.gsnow,Mobile,no_dns,,,,,no,,,,,,,
mobile.international,Mobile,none,,,,,no,,,,,,,
mobile.kws,Mobile,no_dns,,,,,no,,,,,,,
mobile.monash,Mobile,none,,,,,no,,,,,,,
mobile.mynexuz,Mobile,no_dns,,,,,no,,,,,,,
mobile.trader,Mobile,no_dns,,,,,no,,,,,,,
mobile.wallet,Mobile,no_dns,,,,,no,,,,,,,
mobilemotion.dubsmash,Mobilemotion,no_dns,,,,,no,,,,,,,
modefestival.com,Modefestival,none,,,,,no,,,,,,,
moderntreasury.com,Moderntreasury,confirmed,live,https://docs.moderntreasury.com/mcp,Modern Treasury,docs-platform server,yes,yes,yes,,https://dash.readme.com/oidc,openid offline_access mcp:read mcp:write email profile,,
moengage.com,Moengage,confirmed,prm,https://mcp.moengage.com/mcp | https://mcp.moengage.com/sse | https://mcp.moengage.com/ | https://mcp.moengage.com/v1/mcp | https://mcp.moengage.com/api/mcp | https://mcp.moengage.com/mcp/,,,yes,yes,yes,,https://moeauth.moengage.com,openid email profile offline_access campaigns:read,https://moengage.com/docs/user-guide/ai-and-intelligence/merlin-ai/moengage-mcp-server,
mokapos.com,Mokapos,none,,,,,no,,,,,,,
momondo.com,Momondo,none,,,,,no,,,,,,,
mona.android,Mona,no_dns,,,,,no,,,,,,,
mona.co,Mona,inconclusive,network unreachable,,,,no,,,,,,,
monaco.mobile,Monaco,no_dns,,,,,no,,,,,,,
monad.xyz,Monad,confirmed,live,https://docs.monad.xyz/mcp,,,no,,,no auth required,,,,
monash.edu,Monash,none,,,,,no,,,,,,,
monday.trade,Monday,confirmed,live,https://docs.monday.trade/~gitbook/mcp,mcp-typescript server on vercel,docs-platform server,no,,,no auth required,,,,
monespacesante.fr,Monespacesante,none,,,,,no,,,,,,,
moneyboxapp.com,Moneyboxapp,none,,,,,no,,,,,,,
moneyboxapp.org,Moneyboxapp,no_dns,,,,,no,,,,,,,
moneytree.jp,Moneytree,none,,,,,no,,,,,,,
mongodb.com,Mongodb,confirmed,prm,https://mcp.mongodb.com/mcp | https://mcp.mongodb.com/sse | https://mcp.mongodb.com/ | https://mcp.mongodb.com/v1/mcp | https://mcp.mongodb.com/api/mcp | https://mcp.mongodb.com/mcp/,,,yes,no,yes,,https://authorize.mongodb.com,,https://www.mongodb.com/products/tools/mcp-server,
mongodb.live,Mongodb,none,,,,,no,,,,,,,
monopoly-poker.com,Monopoly Poker,none,,,,,no,,,,,,,
moonlander.trade,Moonlander,confirmed,live,https://docs.moonlander.trade/~gitbook/mcp,mcp-typescript server on vercel,docs-platform server,no,,,no auth required,,,,
moonpay.com,Moonpay,confirmed,live,https://dev.moonpay.com/mcp,,,no,,,no auth required,,,,
moonpaycloud.com,Moonpaycloud,confirmed,live,https://dev.moonpay.com/mcp,,,no,,,no auth required,,,,
moonscan.io,Moonscan,none,,,,,no,,,,,,,
moovitapp.com,Moovitapp,none,,,,,no,,,,,,,
mopub.com,Mopub,none,,,,,no,,,,,,,
morpho.org,Morpho,confirmed,live,https://mcp.morpho.org/mcp | https://mcp.morpho.org/ | https://mcp.morpho.org/mcp/ | https://mcp.morpho.org,,,no,,,no auth required,,,,
moslenta.ru,Moslenta,none,,,,,no,,,,,,,
motor.ru,Motor,none,,,,,no,,,,,,,
mount10.ch,Mount10,none,,,,,no,,,,,,,
movilepay.com,Movilepay,none,,,,,no,,,,,,,
mozgcp.net,Mozgcp,no_dns,,,,,no,,,,,,,
mozilla.com,Mozilla,none,,,,,no,,,,,,,
mozilla.org,Mozilla,confirmed,live,https://mcp.mdn.mozilla.net | https://mcp.mdn.mozilla.net/mcp | https://mcp.mdn.mozilla.net/,,,no,,,no auth required,,,,
mp3.automotiveos,Mp3,no_dns,,,,,no,,,,,,,
mpago.la,Mpago,none,,,,,no,,,,,,,
mpago.li,Mpago,none,,,,,no,,,,,,,
mrjet.se,Mrjet,none,,,,,no,,,,,,,
msgsvc.io,Msgsvc,inconclusive,network unreachable,,,,no,,,,,,,
mtpelerin.com,Mtpelerin,none,,,,,no,,,,,,,
mufex.finance,Mufex,none,,,,,no,,,,,,,
multipli.fi,Multipli,confirmed,live,https://docs.multipli.fi/~gitbook/mcp,mcp-typescript server on vercel,docs-platform server,no,,,no auth required,,,,
muscache.com,Muscache,no_dns,,,,,no,,,,,,,
music.tv,Music,inconclusive,network unreachable,,,,no,,,,,,,
musically.livewallpaper,Musically,no_dns,,,,,no,,,,,,,
musta.ch,Musta,none,,,,,no,,,,,,,
mux.network,Mux,confirmed,live,https://docs.mux.network/~gitbook/mcp,mcp-typescript server on vercel,docs-platform server,no,,,no auth required,,,,
mworld.com,Mworld,no_dns,,,,,no,,,,,,,
mxentry.net,Mxentry,none,,,,,no,,,,,,,
my.club,My,none,,,,,no,,,,,,,
myapelsin.ru,Myapelsin,none,,,,,no,,,,,,,
mycontactual.com,Mycontactual,inconclusive,network unreachable,,,,no,,,,,,,
myetherwallet.com,Myetherwallet,none,,,,,no,,,,,,,
myfitnesspal.com,Myfitnesspal,confirmed,authwall,https://mcp.myfitnesspal.com/mcp | https://mcp.myfitnesspal.com/sse | https://mcp.myfitnesspal.com/ | https://mcp.myfitnesspal.com/v1/mcp | https://mcp.myfitnesspal.com/api/mcp | https://mcp.myfitnesspal.com/mcp/,,,no,,,auth unclear (HTTP 403),,,,
myfreshworks.com,Myfreshworks,none,,,,,no,,,,,,,
myharmony.com,Myharmony,none,,,,,no,,,,,,,
myinsights.io,Myinsights,none,,,,,no,,,,,,,
myklpages.com,Myklpages,none,,,,,no,,,,,,,
mynexuz.be,Mynexuz,none,,,,,no,,,,,,,
myntra.com,Myntra,none,,,,,no,,,,,,,
myoas.com,Myoas,none,,,,,no,,,,,,,
myoas.net,Myoas,no_dns,,,,,no,,,,,,,
myopenpass.com,Myopenpass,none,,,,,no,,,,,,,
myopenpassdemo.com,Myopenpassdemo,none,,,,,no,,,,,,,
myoppo.com,Myoppo,none,,,,,no,,,,,,,
myprotein.com,Myprotein,none,,,,,no,,,,,,,
myritzcarltonresidences.com,Myritzcarltonresidences,inconclusive,network unreachable,,,,no,,,,,,,
myseek.xyz,Myseek,no_dns,,,,,no,,,,,,,
myshopify.com,Shopify,confirmed,prm,https://your-store.myshopify.com/.well-known/oauth-protected-resource,,,yes,no,yes,,https://shopify.com/authentication/4707582008,openid email customer-account-api:full customer-account-mcp-api:full,https://{shop}.myshopify.com/api/mcp,
mysqueezebox.com,Mysqueezebox,no_dns,,,,,no,,,,,,,
mystarbucks.kr,Mystarbucks,no_dns,,,,,no,,,,,,,
myteksi.com,Myteksi,none,,,,,no,,,,,,,
myteksi.net,Myteksi,no_dns,,,,,no,,,,,,,
mytrainpal.com,Mytrainpal,none,,,,,no,,,,,,,
myvisacardportal.com,Myvisacardportal,none,,,,,no,,,,,,,
myvisainfinite.com,Myvisainfinite,none,,,,,no,,,,,,,
myvitamins.com,Myvitamins,none,,,,,no,,,,,,,
n0c.com,N0C,inconclusive,network unreachable,,,,no,,,,,,,
nadex.com,Nadex,none,,,,,no,,,,,,,
nado.xyz,Nado,confirmed,live,https://docs.nado.xyz/~gitbook/mcp | https://docs.nado.xyz/~gitbook/mcp/,mcp-typescript server on vercel,docs-platform server,no,,,no auth required,,,,
namejet.com,Namejet,none,,,,,no,,,,,,,
namestudio.com,Namestudio,none,,,,,no,,,,,,,
namestudioforsocial.com,Namestudioforsocial,none,,,,,no,,,,,,,
napoleoncasino.be,Napoleoncasino,none,,,,,no,,,,,,,
napoleondice.be,Napoleondice,none,,,,,no,,,,,,,
napoleongames.be,Napoleongames,none,,,,,no,,,,,,,
napoleonsports.be,Napoleonsports,none,,,,,no,,,,,,,
naspers.com,Naspers,none,,,,,no,,,,,,,
navan.com,Navan,confirmed,prm,https://mcp.navan.com/mcp | https://mcp.navan.com/mcp/ | https://mcp.navan.com/sse | https://mcp.navan.com/v1/mcp | https://mcp.navan.com/api/mcp | https://mcp.navan.com/v1/sse,,,yes,yes,yes,,https://login.navan.com,openid profile offline_access name given_name family_name,https://navan.com/blog/navan-anywhere-gemini-travel-expense-ai,
naviprotocol.io,Naviprotocol,confirmed,live,https://open-api.naviprotocol.io/api/mcp,navi-protocol,,no,,,no auth required,,,,
nba.com,Nba,none,,,,,no,,,,,,,
near.foundation,Near,none,,,,,no,,,,,,,
nearme.browser,Nearme,no_dns,,,,,no,,,,,,,
nearme.com,Nearme,none,,,,,no,,,,,,,
nearme.gamecenter,Nearme,no_dns,,,,,no,,,,,,,
nearme.themespace,Nearme,no_dns,,,,,no,,,,,,,
nearme.themestore,Nearme,no_dns,,,,,no,,,,,,,
neocrypto.net,Neocrypto,no_dns,,,,,no,,,,,,,
neogov.com,Neogov,none,,,,,no,,,,,,,
neoket.net,Neoket,none,,,,,no,,,,,,,
neon.build,Neon,none,,,,,no,,,,,,,
neon.tech,Neon,confirmed,prm,https://mcp.neon.tech/mcp | https://mcp.neon.tech/sse | https://mcp.neon.tech/api/mcp | https://mcp.neon.tech/mcp/,,,yes,yes,yes,,https://mcp.neon.tech,read write *,https://neon.com/docs/ai/neon-mcp-server,
net.au,Net,none,,,,,no,,,,,,,
netflix.com,Netflix,none,,,,,no,,,,,,,
netflix.mediaclient,Netflix,no_dns,,,,,no,,,,,,,
netflix.netflix,Netflix,no_dns,,,,,no,,,,,,,
netlify.app,Netlify,confirmed,prm,https://mcp.netlify.app/mcp | https://mcp.netlify.app/mcp/,,,yes,no,no,,http://localhost:8888/,offline_access read write claudeai,https://netlify-mcp.netlify.app/mcp,
netlify.com,Netlify,confirmed,protected,https://netlify-mcp.netlify.app/mcp | https://netlify-mcp.netlify.app/mcp/,,,yes,yes,yes,,https://netlify-mcp.netlify.app/,offline_access read write claudeai,,
netlifycms.org,Netlifycms,none,,,,,no,,,,,,,
network-auth.com,Network Auth,no_dns,,,,,no,,,,,,,
networkguard.com,Networkguard,none,,,,,no,,,,,,,
networksolutions.com,Networksolutions,none,,,,,no,,,,,,,
newegg.app,Newegg,none,,,,,no,,,,,,,
newegg.ca,Newegg,none,,,,,no,,,,,,,
newegg.com,Newegg,confirmed,live,https://apis.newegg.com/ex-mcp/endpoint/ext-pc-builder | https://apis.newegg.com/ex-mcp/endpoint/product-search | https://apis.newegg.com/ex-mcp/endpoint/pcbuilder | https://apis.newegg.com/ex-mcp/endpoint/website-www-tool,mcp-server-executor,,no,,,no auth required,,,,
newrelic.com,Newrelic,confirmed,prm,https://mcp.newrelic.com/mcp | https://mcp.newrelic.com/mcp/ | https://mcp.newrelic.com/mcp/sse | https://mcp.newrelic.com/mcp/server | https://mcp.newrelic.com/mcp/mcp | https://mcp.eu.newrelic.com/mcp/,,,yes,yes,yes,,https://mcp.newrelic.com,openid profile email,https://docs.newrelic.com/docs/agentic-ai/mcp/setup/,
nexo.com,Nexo,doc_lead,,,,,no,,,,,,,
next.id,Next,none,,,,,no,,,,,,,
nextcapital.com,Nextcapital,none,,,,,no,,,,,,,
nexuzhealth.be,Nexuzhealth,none,,,,,no,,,,,,,
nexuzhealth.com,Nexuzhealth,none,,,,,no,,,,,,,
nexuzhealth.hn,Nexuzhealth,no_dns,,,,,no,,,,,,,
nexuzhealth.pro,Nexuzhealth,none,,,,,no,,,,,,,
nflxext.com,Nflxext,inconclusive,network unreachable,,,,no,,,,,,,
nflximg.net,Nflximg,no_dns,,,,,no,,,,,,,
nflxso.net,Nflxso,no_dns,,,,,no,,,,,,,
nflxvideo.net,Nflxvideo,inconclusive,network unreachable,,,,no,,,,,,,
nft.io,Nft,none,,,,,no,,,,,,,
nic.eu,Nic,no_dns,,,,,no,,,,,,,
nicehash.com,Nicehash,none,,,,,no,,,,,,,
niche.co,Niche,none,,,,,no,,,,,,,
ninja.kiwi,Ninja,none,,,,,no,,,,,,,
ninjakiwi.com,Ninjakiwi,none,,,,,no,,,,,,,
ninjakiwi.me,Ninjakiwi,none,,,,,no,,,,,,,
niumba.com,Niumba,none,,,,,no,,,,,,,
nkstatic.com,Nkstatic,none,,,,,no,,,,,,,
nlfxvideo.net,Nlfxvideo,none,,,,,no,,,,,,,
nmfn.com,Nmfn,none,,,,,no,,,,,,,
nml.com,Nml,none,,,,,no,,,,,,,
nnip.com,Nnip,no_dns,,,,,no,,,,,,,
nonkyc.io,Nonkyc,none,,,,,no,,,,,,,
noones.com,Noones,none,,,,,no,,,,,,,
northwellprimarycarenow.com,Northwellprimarycarenow,none,,,,,no,,,,,,,
northwesternmutual.com,Northwesternmutual,none,,,,,no,,,,,,,
notebleue.pro,Notebleue,inconclusive,network unreachable,,,,no,,,,,,,
notion.id,Notion,inconclusive,network unreachable,,,,no,,,,,,,
notion.so,Notion,confirmed,protected,https://mcp.notion.com/mcp,,,yes,yes,yes,,https://mcp.notion.com,default,https://developers.notion.com/guides/mcp/build-mcp-client,
novanthealthvirtualprimarycare.org,Novanthealthvirtualprimarycare,no_dns,,,,,no,,,,,,,
nowait.com,Nowait,none,,,,,no,,,,,,,
nowresorts.com,Nowresorts,none,,,,,no,,,,,,,
npmjs.com,Npmjs,confirmed,authwall,https://mcp.npmjs.com/mcp | https://mcp.npmjs.com/mcp/ | https://mcp.npmjs.com/mcp/sse | https://mcp.npmjs.com/mcp/server | https://mcp.npmjs.com/mcp/mcp,,,no,,,auth unclear (HTTP 401),,,https://www.npmjs.com/package/mcp-server-npms,
npmjs.org,Npmjs,confirmed,authwall,https://mcp.npmjs.com/mcp,,,no,,,auth unclear (HTTP 401),,,,
nr-data.net,Nr Data,no_dns,,,,,no,,,,,,,
nr-ops.net,Nr Ops,inconclusive,network unreachable,,,,no,,,,,,,
nsvcs.net,Nsvcs,no_dns,,,,,no,,,,,,,
numberfire.com,Numberfire,none,,,,,no,,,,,,,
nutrend.com,Nutrend,none,,,,,no,,,,,,,
nutrip.com,Nutrip,none,,,,,no,,,,,,,
nvio.ar,Nvio,none,,,,,no,,,,,,,
nvio.mx,Nvio,none,,,,,no,,,,,,,
o3.ru,O3,none,,,,,no,,,,,,,
o3t.ru,O3T,none,,,,,no,,,,,,,
o3team.ru,O3Team,no_dns,,,,,no,,,,,,,
oberlo.com,Oberlo,none,,,,,no,,,,,,,
ocsp.client,Ocsp,no_dns,,,,,no,,,,,,,
octopus.com,Octopus,confirmed,rpcerror,https://shop.octopus.com/api/ucp/mcp,,,yes,no,yes,,https://shopify.com/authentication/20703901,openid email customer-account-api:full customer-account-mcp-api:full,,Storefront UCP endpoint
odkl.ru,Odkl,none,,,,,no,,,,,,,
office-com.jp,Office Com,none,,,,,no,,,,,,,
official.rnapp,Official,no_dns,,,,,no,,,,,,,
ofza.com,Ofza,none,,,,,no,,,,,,,
og.com,Og,none,,,,,no,,,,,,,
okko.ru,Okko,none,,,,,no,,,,,,,
okko.sport,Okko,none,,,,,no,,,,,,,
okko.team,Okko,none,,,,,no,,,,,,,
okko.tv,Okko,none,,,,,no,,,,,,,
oklink.com,Oklink,none,,,,,no,,,,,,,
okta.com,Okta,doc_lead,,,,,no,,,,,,,
okx.com,Okx,none,,,,,no,,,,,,,
olympusdao.finance,Olympusdao,confirmed,live,https://mcp.olympusdao.finance/mcp,,,no,,,no auth required,,,,
omniture.com,Omniture,none,,,,,no,,,,,,,
omtrdc.net,Omtrdc,no_dns,,,,,no,,,,,,,
oncatapult.com,Oncatapult,no_dns,,,,,no,,,,,,,
ondbaasdev.com,Ondbaasdev,no_dns,,,,,no,,,,,,,
ondigitalocean.app,Ondigitalocean,no_dns,,,,,no,,,,,,,
ondigitalocean.com,Ondigitalocean,none,,,,,no,,,,,,,
onegraph.com,Onegraph,no_dns,,,,,no,,,,,,,
onekey.so,Onekey,none,,,,,no,,,,,,,
oneme.ru,Oneme,none,,,,,no,,,,,,,
oneplus.ch,Oneplus,none,,,,,no,,,,,,,
onetrust.com,Onetrust,confirmed,live,https://developer.onetrust.com/mcp,OneTrust Developer Portal,docs-platform server,yes,yes,yes,,https://dash.readme.com/oidc,openid offline_access mcp:read mcp:write email profile,,
onevasco.com,Onevasco,none,,,,,no,,,,,,,
onflow.org,Onflow,none,,,,,no,,,,,,,
onmicrosoft.com,Onmicrosoft,no_dns,,,,,no,,,,,,,
onsexprime.fr,Onsexprime,none,,,,,no,,,,,,,
onstagingocean.app,Onstagingocean,no_dns,,,,,no,,,,,,,
onum-labs.com,Onum Labs,no_dns,,,,,no,,,,,,,
onum.com,Onum,none,,,,,no,,,,,,,
ooredoo.qa,Ooredoo,none,,,,,no,,,,,,,
opbnbscan.com,Opbnbscan,none,,,,,no,,,,,,,
openai.com,Openai,confirmed,live,https://developers.openai.com/mcp,openai-docs-mcp,docs-platform server,no,,,no auth required,,,,
openai.org,Openai,none,,,,,no,,,,,,,
openidconnect.net,Openidconnect,none,,,,,no,,,,,,,
opensea.io,Opensea,confirmed,live,https://mcp.opensea.io/mcp,OpenSea Data API,,yes,no,yes,,https://auth.opensea.io,urn:zitadel:iam:org:project:role:read:eligibility urn:zitadel:iam:org:project:role:read:favorites urn:zitadel:iam:org:project:role:read:social urn:zitadel:iam:org:project:role:read:tools urn:zitadel:iam:org:project:role:write:favorites urn:zitadel:iam:org:project:role:write:social,https://docs.opensea.io/reference/mcp,
opensincera.com,Opensincera,none,,,,,no,,,,,,,
openstreetcam.org,Openstreetcam,none,,,,,no,,,,,,,
opera-api.com,Opera Api,none,,,,,no,,,,,,,
opera-mini.net,Opera Mini,inconclusive,network unreachable,,,,no,,,,,,,
opera.com,Opera,doc_lead,,,,,no,,,,,,,
opera.news,Opera,none,,,,,no,,,,,,,
opera.software,Opera,inconclusive,network unreachable,,,,no,,,,,,,
opera.technology,Opera,inconclusive,network unreachable,,,,no,,,,,,,
operafootball.com,Operafootball,none,,,,,no,,,,,,,
operaneon.com,Operaneon,none,,,,,no,,,,,,,
operanewsapp.com,Operanewsapp,none,,,,,no,,,,,,,
operationstechnology.io,Operationstechnology,no_dns,,,,,no,,,,,,,
oplabs.co,Oplabs,none,,,,,no,,,,,,,
oplus.accesscard,Oplus,no_dns,,,,,no,,,,,,,
oplus.account,Oplus,no_dns,,,,,no,,,,,,,
oplus.aimemory,Oplus,no_dns,,,,,no,,,,,,,
oplus.games,Oplus,no_dns,,,,,no,,,,,,,
oplus.melody,Oplus,no_dns,,,,,no,,,,,,,
oplus.member,Oplus,no_dns,,,,,no,,,,,,,
oplus.play,Oplus,no_dns,,,,,no,,,,,,,
oplus.studycenter,Oplus,no_dns,,,,,no,,,,,,,
oplus.themestore,Oplus,no_dns,,,,,no,,,,,,,
oplus.vip,Oplus,no_dns,,,,,no,,,,,,,
opnet.site,Opnet,none,,,,,no,,,,,,,
opos.ads,Opos,no_dns,,,,,no,,,,,,,
oppo.cloud,Oppo,no_dns,,,,,no,,,,,,,
oppo.com,Oppo,none,,,,,no,,,,,,,
oppo.encryption,Oppo,no_dns,,,,,no,,,,,,,
oppo.market,Oppo,none,,,,,no,,,,,,,
oppo.quicksearchbox,Oppo,no_dns,,,,,no,,,,,,,
oppo.speechassist,Oppo,no_dns,,,,,no,,,,,,,
oppo.store,Oppo,no_dns,,,,,no,,,,,,,
oppo.usercenter,Oppo,no_dns,,,,,no,,,,,,,
oppofind.com,Oppofind,no_dns,,,,,no,,,,,,,
oppoit.com,Oppoit,no_dns,,,,,no,,,,,,,
oppomobile.com,Oppomobile,none,,,,,no,,,,,,,
oppomoble.com,Oppomoble,no_dns,,,,,no,,,,,,,
opposhop.cn,Opposhop,none,,,,,no,,,,,,,
opr.news,Opr,none,,,,,no,,,,,,,
opsgenie.com,Opsgenie,confirmed,rpcerror,https://docs.opsgenie.com/mcp,,,yes,yes,yes,,https://dash.readme.com/oidc,openid offline_access mcp:read mcp:write email profile,,
optimism.io,Optimism,confirmed,live,https://docs.optimism.io/mcp,,,no,,,no auth required,,,,
optimizely-edge.com,Optimizely Edge,none,,,,,no,,,,,,,
optimizely.com,Optimizely,confirmed,prm,https://mcp.optimizely.com/mcp | https://mcp.optimizely.com/mcp/ | https://exp.mcp.opal.optimizely.com/mcp | https://analytics.mcp.opal.optimizely.com/mcp,,,yes,no,no,,https://event-watch.optimizely.com,mcp:query mcp:manage mcp:implement,https://support.optimizely.com/hc/en-us/articles/45321466744205-Install-Optimizely-Experimentation-MCP-server,
orbitz.com,Orbitz,none,,,,,no,,,,,,,
orby.network,Orby,none,,,,,no,,,,,,,
orderly.network,Orderly,confirmed,live,https://mcp.orderly.network/,orderly-network-mcp,,no,,,no auth required,,,https://mcp.orderly.network`**,
orderly.org,Orderly,none,,,,,no,,,,,,,
org.toshi,Org,no_dns,,,,,no,,,,,,,
origenapp.com,Origenapp,no_dns,,,,,no,,,,,,,
origenbanking.com,Origenbanking,no_dns,,,,,no,,,,,,,
origencard.com,Origencard,no_dns,,,,,no,,,,,,,
origendebit.com,Origendebit,no_dns,,,,,no,,,,,,,
origenfinance.com,Origenfinance,no_dns,,,,,no,,,,,,,
originprotocol.com,Originprotocol,confirmed,live,https://docs.originprotocol.com/~gitbook/mcp,mcp-typescript server on vercel,docs-platform server,no,,,no auth required,,,,
oripaone.jp,Oripaone,none,,,,,no,,,,,,,
ort-one-pingone.com,Ort One Pingone,confirmed,authwall,https://mcp.ort-one-pingone.com/mcp | https://mcp.ort-one-pingone.com/sse | https://mcp.ort-one-pingone.com/,,,no,,,auth unclear (HTTP 403),,,,
osite99.com,Osite99,inconclusive,network unreachable,,,,no,,,,,,,
osl.com,Osl,none,,,,,no,,,,,,,
oslo.io,Oslo,none,,,,,no,,,,,,,
ostium.app,Ostium,none,,,,,no,,,,,,,
ostium.com,Ostium,confirmed,live,https://docs.ostium.com/mcp,,,no,,,no auth required,,,,
otherside.xyz,Otherside,confirmed,live,https://docs.otherside.xyz/~gitbook/mcp,mcp-typescript server on vercel,docs-platform server,no,,,no auth required,,,,
otto.de,Otto,none,,,,,no,,,,,,,
ottocasino.se,Ottocasino,none,,,,,no,,,,,,,
ottokasino.com,Ottokasino,none,,,,,no,,,,,,,
oursustainableport.com,Oursustainableport,inconclusive,network unreachable,,,,no,,,,,,,
outfra.xyz,Outfra,no_dns,,,,,no,,,,,,,
outrigger.com,Outrigger,none,,,,,no,,,,,,,
outscale.com,Outscale,none,,,,,no,,,,,,,
ovh.com,Ovh,none,,,,,no,,,,,,,
ovo.id,Ovo,none,,,,,no,,,,,,,
ovofinansial.com,Ovofinansial,none,,,,,no,,,,,,,
ownit.se,Ownit,none,,,,,no,,,,,,,
ozon-dostavka.ru,Ozon Dostavka,none,,,,,no,,,,,,,
ozon.ru,Ozon,none,,,,,no,,,,,,,
ozonpartners.ru,Ozonpartners,no_dns,,,,,no,,,,,,,
p2pb2b.com,P2Pb2B,none,,,,,no,,,,,,,
p8t.us,P8T,no_dns,,,,,no,,,,,,,
pacificinteractive.houseoffun,Pacificinteractive,no_dns,,,,,no,,,,,,,
packet8-pilot.net,Packet8 Pilot,inconclusive,network unreachable,,,,no,,,,,,,
packet8.net,Packet8,none,,,,,no,,,,,,,
paddle.com,Paddle,confirmed,authwall,https://mcp.paddle.com/mcp,,,no,,,static API key / bearer token,,,https://developer.paddle.com/sdks/ai/paddle-mcp/,
paddle.net,Paddle,none,,,,,no,,,,,,,
paddypartners.com,Paddypartners,none,,,,,no,,,,,,,
paddypower.com,Paddypower,none,,,,,no,,,,,,,
paddypower.it,Paddypower,none,,,,,no,,,,,,,
palantirfoundry.com,Palantirfoundry,no_dns,,,,,no,,,,,,,
palladiumhotelgroup.com,Palladiumhotelgroup,none,,,,,no,,,,,,,
pancakeswap.finance,Pancakeswap,confirmed,live,https://docs.pancakeswap.finance/~gitbook/mcp,mcp-typescript server on vercel,docs-platform server,no,,,no auth required,,,,
pangea.cloud,Pangea,doc_lead,,,,,no,,,,,,,
pangleglobal.com,Pangleglobal,none,,,,,no,,,,,,,
pantheon.io,Pantheon,confirmed,rpcerror,https://swag.pantheon.io/api/ucp/mcp,,,yes,no,yes,,https://shopify.com/authentication/76856197341,openid email customer-account-api:full customer-account-mcp-api:full,,Storefront UCP endpoint
paperspace.com,Paperspace,none,,,,,no,,,,,,,
par.piercetransit,Par,no_dns,,,,,no,,,,,,,
parallel.best,Parallel,confirmed,live,https://mcp.parallel.best/mcp,,,no,,,no auth required,,,,
parcelhubeurope.com,Parcelhubeurope,none,,,,,no,,,,,,,
pareto.credit,Pareto,confirmed,live,https://docs.pareto.credit/~gitbook/mcp,mcp-typescript server on vercel,docs-platform server,no,,,no auth required,,,,
partycasino.com,Partycasino,none,,,,,no,,,,,,,
partypledge.com,Partypledge,none,,,,,no,,,,,,,
partypoker.com,Partypoker,none,,,,,no,,,,,,,
passion.ru,Passion,none,,,,,no,,,,,,,
passkeys.foundation,Passkeys,none,,,,,no,,,,,,,
pastela.app,Pastela,none,,,,,no,,,,,,,
payable.com,Payable,none,,,,,no,,,,,,,
paydiant.com,Paydiant,inconclusive,network unreachable,,,,no,,,,,,,
paylution.com,Paylution,none,,,,,no,,,,,,,
payoneer.com,Payoneer,none,,,,,no,,,,,,,
paypal.carica,Paypal,no_dns,,,,,no,,,,,,,
paypal.claro,Paypal,no_dns,,,,,no,,,,,,,
paypal.com,Paypal,confirmed,prm,https://mcp.paypal.com/mcp | https://mcp.paypal.com/sse | https://mcp.paypal.com/mcp/ | https://mcp.paypal.com/mcp/sse | https://mcp.paypal.com/mcp/server | https://mcp.paypal.com/mcp/mcp,,,yes,yes,yes,,https://mcp.paypal.com,,https://docs.paypal.ai/developer/tools/ai/mcp-quickstart,
paypal.me,Paypal,none,,,,,no,,,,,,,
paypal.merchant,Paypal,no_dns,,,,,no,,,,,,,
paypal.telcel,Paypal,no_dns,,,,,no,,,,,,,
paypalcorp.com,Paypalcorp,no_dns,,,,,no,,,,,,,
paypalobjects.com,Paypalobjects,none,,,,,no,,,,,,,
paywb.com,Paywb,none,,,,,no,,,,,,,
payworks.com,Payworks,none,,,,,no,,,,,,,
payworks.io,Payworks,none,,,,,no,,,,,,,
payzippy.com,Payzippy,inconclusive,network unreachable,,,,no,,,,,,,
paze.com,Paze,confirmed,rpcerror,https://developer.paze.com/mcp,,,yes,yes,yes,,https://dash.readme.com/oidc,openid offline_access mcp:read mcp:write email profile,,
peertradedigital.bitcointrade,Peertradedigital,no_dns,,,,,no,,,,,,,
personio-dev.com,Personio Dev,none,,,,,no,,,,,,,
personio-internal.de,Personio Internal,inconclusive,network unreachable,,,,no,,,,,,,
personio.com,Personio,none,,,,,no,,,,,,,
personio.de,Personio,confirmed,prm,https://mcp.personio.de/mcp | https://mcp.personio.de/sse | https://mcp.personio.de/ | https://mcp.personio.de/v1/mcp | https://mcp.personio.de/api/mcp | https://mcp.personio.de/mcp/,,,yes,no,yes,,https://mcp.app.personio.com/,openid offline_access mcp:access,https://developer.personio.de/llms.txt,
personio.es,Personio,none,,,,,no,,,,,,,
personio.tools,Personio,none,,,,,no,,,,,,,
personiowhistleblowing.com,Personiowhistleblowing,none,,,,,no,,,,,,,
pexels.com,Pexels,none,,,,,no,,,,,,,
pfmg.wellness,Pfmg,no_dns,,,,,no,,,,,,,
phantom.app,Phantom,none,,,,,no,,,,,,,
phantom.com,Phantom,confirmed,live,https://docs.phantom.com/mcp | https://docs.phantom.com/mcp/,,,no,,,no auth required,,,,
phantom.dev,Phantom,none,,,,,no,,,,,,,
phdays.com,Phdays,none,,,,,no,,,,,,,
phdays.ru,Phdays,none,,,,,no,,,,,,,
phemex.com,Phemex,doc_lead,,,,,no,,,,,,,
phonegap.com,Phonegap,none,,,,,no,,,,,,,
photoshop.com,Photoshop,none,,,,,no,,,,,,,
piaservers.com,Piaservers,no_dns,,,,,no,,,,,,,
piaservers.net,Piaservers,no_dns,,,,,no,,,,,,,
pictbland.net,Pictbland,none,,,,,no,,,,,,,
pictspace.net,Pictspace,none,,,,,no,,,,,,,
pictsquare.net,Pictsquare,none,,,,,no,,,,,,,
pinelabs.ae,Pinelabs,none,,,,,no,,,,,,,
pinelabs.com,Pinelabs,confirmed,authwall,https://mcp.pinelabs.com/mcp | https://mcp.pinelabs.com/mcp/ | https://mcp.pinelabs.com/mcp/sse | https://mcp.pinelabs.com/mcp/server | https://mcp.pinelabs.com/mcp/mcp,,,no,,,static API key / bearer token,,,https://www.pinelabs.com/docs/online-payments/ai/mcp-server/setup-guide-api-execution,
pinelabs.my,Pinelabs,none,,,,,no,,,,,,,
pinelabs.us,Pinelabs,none,,,,,no,,,,,,,
pinepaymentsolutions.com,Pinepaymentsolutions,none,,,,,no,,,,,,,
pinepg.in,Pinepg,confirmed,authwall,https://mcp.pinelabs.com/mcp,,,no,,,static API key / bearer token,,,,
pinepgconsole.in,Pinepgconsole,inconclusive,network unreachable,,,,no,,,,,,,
pingone.com,Pingone,none,,,,,no,,,,,,,
pinterest.com,Pinterest,review,route-specific auth,,,,no,,,,,,https://api.pinterest.com/mcp/sse`,
pionex.com,Pionex,confirmed,live,https://www.pionex.com/docs/~gitbook/mcp | https://www.pionex.com/docs/~gitbook/mcp/,mcp-typescript server on vercel,docs-platform server,no,,,no auth required,,,,
pipopay.com,Pipopay,none,,,,,no,,,,,,,
pismo.io,Pismo,confirmed,rpcerror,https://developers.pismo.io/mcp,,,yes,yes,yes,,https://dash.readme.com/oidc,openid offline_access mcp:read mcp:write email profile,,
piwik.mobile2,Piwik,no_dns,,,,,no,,,,,,,
pixabay.com,Pixabay,none,,,,,no,,,,,,,
pixiv.me,Pixiv,none,,,,,no,,,,,,,
pixiv.net,Pixiv,none,,,,,no,,,,,,,
pixiv.serval,Pixiv,no_dns,,,,,no,,,,,,,
pixpay.fr,Pixpay,none,,,,,no,,,,,,,
pk.partner,Pk,no_dns,,,,,no,,,,,,,
plaid.com,Plaid,confirmed,documented,https://api.dashboard.plaid.com/mcp/,,,no,,,auth unclear (HTTP 401),,,https://plaid.com/docs/resources/mcp/,
planethoster.com,Planethoster,none,,,,,no,,,,,,,
planethoster.net,Planethoster,none,,,,,no,,,,,,,
plasmascan.to,Plasmascan,none,,,,,no,,,,,,,
platacard.mx,Platacard,none,,,,,no,,,,,,,
plateng.io,Plateng,inconclusive,network unreachable,,,,no,,,,,,,
platformservices.io,Platformservices,no_dns,,,,,no,,,,,,,
platon.network,Platon,none,,,,,no,,,,,,,
playartifact.com,Playartifact,none,,,,,no,,,,,,,
playcanv.as,Playcanv,none,,,,,no,,,,,,,
playcanvas.com,Playcanvas,none,,,,,no,,,,,,,
playfamily.ru,Playfamily,none,,,,,no,,,,,,,
playmaster.gg,Playmaster,inconclusive,network unreachable,,,,no,,,,,,,
playstation.com,Playstation,none,,,,,no,,,,,,,
playstation.net,Playstation,none,,,,,no,,,,,,,
playticorp.com,Playticorp,no_dns,,,,,no,,,,,,,
playtika.caesarscasino,Playtika,no_dns,,,,,no,,,,,,,
playtika.com,Playtika,none,,,,,no,,,,,,,
playtika.cvs,Playtika,no_dns,,,,,no,,,,,,,
playtika.slotomania,Playtika,no_dns,,,,,no,,,,,,,
playwonderbox.com,Playwonderbox,no_dns,,,,,no,,,,,,,
playwsop.com,Playwsop,inconclusive,network unreachable,,,,no,,,,,,,
plume.org,Plume,confirmed,live,https://docs.plume.org/~gitbook/mcp,mcp-typescript server on vercel,docs-platform server,no,,,no auth required,,,,
pluralonline.com,Pluralonline,none,,,,,no,,,,,,,
pluralpay.in,Pluralpay,none,,,,,no,,,,,,,
poe.com,Poe,none,,,,,no,,,,,,,
pointpay.io,Pointpay,none,,,,,no,,,,,,,
points.com,Points,none,,,,,no,,,,,,,
polkadoc.com,Polkadoc,no_dns,,,,,no,,,,,,,
polkaudio.com,Polkaudio,none,,,,,no,,,,,,,
polo-static.com,Polo Static,none,,,,,no,,,,,,,
poloniex.com,Poloniex,none,,,,,no,,,,,,,
polygon.technology,Polygon,confirmed,live,https://docs.polygon.technology/mcp,,,no,,,no auth required,,,,
polygonscan.com,Polygonscan,none,,,,,no,,,,,,,
polymarket.com,Polymarket,confirmed,live,https://docs.polymarket.com/mcp,,,no,,,no auth required,,,,
polymoon.it,Polymoon,no_dns,,,,,no,,,,,,,
popsocial.io,Popsocial,inconclusive,network unreachable,,,,no,,,,,,,
pornbox.com,Pornbox,none,,,,,no,,,,,,,
pornworld.com,Pornworld,none,,,,,no,,,,,,,
portalinmobiliario.cl,Portalinmobiliario,none,,,,,no,,,,,,,
portalinmobiliario.com,Portalinmobiliario,none,,,,,no,,,,,,,
portofantwerp.com,Portofantwerp,none,,,,,no,,,,,,,
portofantwerpbruges.com,Portofantwerpbruges,none,,,,,no,,,,,,,
portswigger.net,Portswigger,none,,,,,no,,,,,,,
pos.customerview,Pos,no_dns,,,,,no,,,,,,,
post.ch,Post,none,,,,,no,,,,,,,
powerdms.com,Powerdms,none,,,,,no,,,,,,,
powerpak.com,Powerpak,none,,,,,no,,,,,,,
ppb.com,Ppb,inconclusive,network unreachable,,,,no,,,,,,,
ppbdev.com,Ppbdev,no_dns,,,,,no,,,,,,,
practicalbusinessskills.org,Practicalbusinessskills,inconclusive,network unreachable,,,,no,,,,,,,
practicalmoneyskills.com,Practicalmoneyskills,inconclusive,network unreachable,,,,no,,,,,,,
practicalmoneyskills.org,Practicalmoneyskills,inconclusive,network unreachable,,,,no,,,,,,,
preempt.com,Preempt,no_dns,,,,,no,,,,,,,
preemptsecurity.com,Preemptsecurity,no_dns,,,,,no,,,,,,,
prelert.com,Prelert,none,,,,,no,,,,,,,
pricechopper.com,Pricechopper,none,,,,,no,,,,,,,
priceless.com,Priceless,none,,,,,no,,,,,,,
priceline.com,Priceline,confirmed,authwall,https://mcp.priceline.com/mcp | https://mcp.priceline.com/sse | https://mcp.priceline.com/ | https://mcp.priceline.com/v1/mcp | https://mcp.priceline.com/api/mcp | https://mcp.priceline.com/mcp/,,,no,,,auth unclear (HTTP 403),,,https://docs.pricelinepartnersolutions.com/private-label,
pricerunner.com,Pricerunner,none,,,,,no,,,,,,,
primevideo.com,Primevideo,none,,,,,no,,,,,,,
prisma.fi,Prisma,none,,,,,no,,,,,,,
privateinternetaccess.com,Privateinternetaccess,none,,,,,no,,,,,,,
privy.io,Privy,confirmed,live,https://docs.privy.io/mcp,,,no,,,no auth required,,,,
prod.main,Prod,no_dns,,,,,no,,,,,,,
profils.org,Profils,none,,,,,no,,,,,,,
projectbaseline.com,Projectbaseline,none,,,,,no,,,,,,,
projone.net,Projone,inconclusive,network unreachable,,,,no,,,,,,,
proofhq.com,Proofhq,none,,,,,no,,,,,,,
proofit.com,Proofit,no_dns,,,,,no,,,,,,,
proptrack.com,Proptrack,none,,,,,no,,,,,,,
prosus.com,Prosus,none,,,,,no,,,,,,,
prowly.com,Prowly,confirmed,authwall,https://mcp.prowly.com/ | https://mcp.prowly.com/mcp/sse | https://mcp.prowly.com/mcp/server | https://mcp.prowly.com/mcp/mcp,,,no,,,auth unclear (HTTP 403),,,https://prowly.com/terms-of-service/,
psb-konsol.pro,Psb Konsol,none,,,,,no,,,,,,,
pstatp.com,Pstatp,no_dns,,,,,no,,,,,,,
psychobunny.me,Psychobunny,inconclusive,network unreachable,,,,no,,,,,,,
psynet.gg,Psynet,none,,,,,no,,,,,,,
psyonix.com,Psyonix,none,,,,,no,,,,,,,
ptcloud.ru,Ptcloud,none,,,,,no,,,,,,,
ptsecurity.com,Ptsecurity,none,,,,,no,,,,,,,
ptsecurity.ru,Ptsecurity,none,,,,,no,,,,,,,
public-rpc.com,Public Rpc,none,,,,,no,,,,,,,
pullrequest.com,Pullrequest,confirmed,live,https://docs.pullrequest.com/~gitbook/mcp,mcp-typescript server on vercel,docs-platform server,no,,,no auth required,,,,
pulsepoint.com,Pulsepoint,none,,,,,no,,,,,,,
pumb.ua,Pumb,none,,,,,no,,,,,,,
pump.fun,Pump,none,,,,,no,,,,,,,
purefsi.com,Purefsi,no_dns,,,,,no,,,,,,,
pwmdigital.external,Pwmdigital,no_dns,,,,,no,,,,,,,
pxv.pay,Pxv,no_dns,,,,,no,,,,,,,
py.pl,Py,none,,,,,no,,,,,,,
pyszne.pl,Pyszne,none,,,,,no,,,,,,,
pyth.network,Pyth,confirmed,live,https://mcp.pyth.network/mcp,@pyth-network/mcp-server,,no,,,no auth required,,,https://docs.pyth.network/price-feeds/pro/mcp,
qc.ca,Qc,no_dns,,,,,no,,,,,,,
qpon.merchant,Qpon,no_dns,,,,,no,,,,,,,
qpon.platform,Qpon,no_dns,,,,,no,,,,,,,
quip.com,Quip,none,,,,,no,,,,,,,
quip.quip,Quip,no_dns,,,,,no,,,,,,,
quixel.com,Quixel,none,,,,,no,,,,,,,
quizlet.com,Quizlet,confirmed,prm,https://quizlet.com/.well-known/oauth-protected-resource,,,yes,no,yes,,https://quizlet.com,write_set,,
quora.android,Quora,no_dns,,,,,no,,,,,,,
quora.com,Quora,none,,,,,no,,,,,,,
quovo.com,Quovo,no_dns,,,,,no,,,,,,,
quto.ru,Quto,none,,,,,no,,,,,,,
qwant.com,Qwant,none,,,,,no,,,,,,,
qwantjunior.com,Qwantjunior,none,,,,,no,,,,,,,
raleys.com,Raleys,none,,,,,no,,,,,,,
rambler.ru,Rambler,none,,,,,no,,,,,,,
rapyd.com,Rapyd,none,,,,,no,,,,,,,
rapyd.net,Rapyd,none,,,,,no,,,,,,,
rapyd.org,Rapyd,confirmed,prm,https://mcp.rapyd.org/mcp | https://mcp.rapyd.org/sse | https://mcp.rapyd.org/mcp/ | https://mcp.rapyd.org/mcp/sse | https://mcp.rapyd.org/messages | https://mcp.rapyd.org/mcp/server,,,yes,yes,yes,,https://mcp.rapyd.org,,https://mcp.rapyd.org/,
razorpay.com,Razorpay,confirmed,authwall,https://mcp.razorpay.com/mcp | https://mcp.razorpay.com/mcp/,,,no,,,auth unclear (HTTP 401),,,https://razorpay.com/docs/mcp-server/remote/,
rbx.com,Rbx,none,,,,,no,,,,,,,
rea-group.com,Rea Group,none,,,,,no,,,,,,,
readitlater.pro,Readitlater,no_dns,,,,,no,,,,,,,
realm.io,Realm,confirmed,live,https://docs.realm.io/~gitbook/mcp,mcp-typescript server on vercel,docs-platform server,no,,,no auth required,,,,
realme.com,Realme,none,,,,,no,,,,,,,
realme.storecn,Realme,no_dns,,,,,no,,,,,,,
realmestore.app,Realmestore,no_dns,,,,,no,,,,,,,
reastatic.net,Reastatic,no_dns,,,,,no,,,,,,,
receipts.ru,Receipts,none,,,,,no,,,,,,,
receipts.uz,Receipts,no_dns,,,,,no,,,,,,,
recko.ai,Recko,no_dns,,,,,no,,,,,,,
recko.io,Recko,none,,,,,no,,,,,,,
reckoproduction.com,Reckoproduction,no_dns,,,,,no,,,,,,,
reckostaging.com,Reckostaging,no_dns,,,,,no,,,,,,,
reclaim.ai,Reclaim,confirmed,prm,https://mcp.reclaim.ai/mcp | https://mcp.reclaim.ai/sse | https://mcp.reclaim.ai/ | https://mcp.reclaim.ai/v1/mcp | https://mcp.reclaim.ai/api/mcp | https://mcp.reclaim.ai/mcp/,,,yes,yes,yes,,https://mcp.reclaim.ai,read write mcp,https://mcp.reclaim.ai,
recordedfuture.com,Recordedfuture,confirmed,prm,https://mcp.recordedfuture.com/mcp | https://mcp.recordedfuture.com/mcp/ | https://mcp.recordedfuture.com/mcp/sse | https://mcp.recordedfuture.com/mcp/server | https://mcp.recordedfuture.com/mcp/mcp,,,yes,yes,yes,,https://mcp.recordedfuture.com,openid email profile offline_access,https://www.recordedfuture.com/platform/ai,
reddit.com,Reddit,none,,,,,no,,,,,,,
reddit.frontpage,Reddit,no_dns,,,,,no,,,,,,,
redditblog.com,Redditblog,none,,,,,no,,,,,,,
redditforbusiness.com,Redditforbusiness,none,,,,,no,,,,,,,
redditgifts.com,Redditgifts,none,,,,,no,,,,,,,
reddithelp.com,Reddithelp,none,,,,,no,,,,,,,
redditinc.com,Redditinc,none,,,,,no,,,,,,,
redditmedia.com,Redditmedia,none,,,,,no,,,,,,,
redditspace.com,Redditspace,no_dns,,,,,no,,,,,,,
redecor.com,Redecor,none,,,,,no,,,,,,,
redelcom.cl,Redelcom,confirmed,live,https://redelcom.cl/api/mcp,storefront-renderer,,yes,no,yes,,https://shopify.com/authentication/51424100527,openid email customer-account-api:full customer-account-mcp-api:full,,Shopify storefront MCP
redoxengine.com,Redox,confirmed,protected,https://api.redoxengine.com/mcp,,,yes,yes,yes,,https://api.redoxengine.com,openid offline_access platform_access,https://docs.redoxengine.com/how-to-use-redox/access-the-redox-mcp-server/,
redoxstage.com,Redoxstage,inconclusive,network unreachable,,,,no,,,,,,,
refined.site,Refined,none,,,,,no,,,,,,,
refinedwiki.com,Refinedwiki,none,,,,,no,,,,,,,
registry.eu,Registry,none,,,,,no,,,,,,,
rei.com,Rei,inconclusive,network unreachable,,,,no,,,,,,,
remilty.net,Remilty,no_dns,,,,,no,,,,,,,
remilty.org,Remilty,no_dns,,,,,no,,,,,,,
remitir.com,Remitir,inconclusive,network unreachable,,,,no,,,,,,,
remitiy.com,Remitiy,no_dns,,,,,no,,,,,,,
remitly-3pjs.com,Remitly 3Pjs,none,,,,,no,,,,,,,
remitly-vendor.com,Remitly Vendor,no_dns,,,,,no,,,,,,,
remitly.androidapp,Remitly,no_dns,,,,,no,,,,,,,
remitly.ca,Remitly,none,,,,,no,,,,,,,
remitly.cash,Remitly,no_dns,,,,,no,,,,,,,
remitly.co,Remitly,no_dns,,,,,no,,,,,,,
remitly.com,Remitly,confirmed,authwall,https://mcp.remitly.com/mcp | https://mcp.remitly.com/sse | https://mcp.remitly.com/ | https://mcp.remitly.com/v1/mcp | https://mcp.remitly.com/api/mcp | https://mcp.remitly.com/mcp/,,,no,,,auth unclear (HTTP 403),,,https://www.remitly.com/,
remitly.de,Remitly,none,,,,,no,,,,,,,
remitly.es,Remitly,none,,,,,no,,,,,,,
remitly.eu,Remitly,no_dns,,,,,no,,,,,,,
remitly.fr,Remitly,none,,,,,no,,,,,,,
remitly.io,Remitly,none,,,,,no,,,,,,,
remitly.jp,Remitly,no_dns,,,,,no,,,,,,,
remitly.me,Remitly,inconclusive,network unreachable,,,,no,,,,,,,
remitly.mx,Remitly,inconclusive,network unreachable,,,,no,,,,,,,
remitly.net,Remitly,no_dns,,,,,no,,,,,,,
remitly.org,Remitly,inconclusive,network unreachable,,,,no,,,,,,,
remitly.uk,Remitly,none,,,,,no,,,,,,,
remitly.xyz,Remitly,no_dns,,,,,no,,,,,,,
remitlyapi.com,Remitlyapi,no_dns,,,,,no,,,,,,,
remitlycard.com,Remitlycard,no_dns,,,,,no,,,,,,,
remitlycredit.com,Remitlycredit,no_dns,,,,,no,,,,,,,
remitlydata.com,Remitlydata,no_dns,,,,,no,,,,,,,
remitlyit.com,Remitlyit,no_dns,,,,,no,,,,,,,
remitlypay.com,Remitlypay,no_dns,,,,,no,,,,,,,
remitlypayments.com,Remitlypayments,no_dns,,,,,no,,,,,,,
remitlytest.com,Remitlytest,no_dns,,,,,no,,,,,,,
remitlywallet.com,Remitlywallet,no_dns,,,,,no,,,,,,,
remitresearch.com,Remitresearch,no_dns,,,,,no,,,,,,,
remix.com,Remix,none,,,,,no,,,,,,,
remove.bg,Remove,none,,,,,no,,,,,,,
rentalcars.com,Rentalcars,none,,,,,no,,,,,,,
reposify.com,Reposify,none,,,,,no,,,,,,,
repostnetwork.com,Repostnetwork,none,,,,,no,,,,,,,
republik.ch,Republik,none,,,,,no,,,,,,,
requirementyogi.cloud,Requirementyogi,inconclusive,network unreachable,,,,no,,,,,,,
requirementyogi.com,Requirementyogi,confirmed,protected,https://api.requirementyogi.com/api/mcp,,,yes,no,no,,,,,
restaff.work,Restaff,none,,,,,no,,,,,,,
restaurant-information.com,Restaurant Information,no_dns,,,,,no,,,,,,,
restnproducts.ru,Restnproducts,none,,,,,no,,,,,,,
resume.com,Resume,none,,,,,no,,,,,,,
retailsso.com,Retailsso,none,,,,,no,,,,,,,
reverse.it,Reverse,none,,,,,no,,,,,,,
rewire.com,Rewire,none,,,,,no,,,,,,,
rewire.to,Rewire,none,,,,,no,,,,,,,
reworks.redecor,Reworks,no_dns,,,,,no,,,,,,,
rhapollo.net,Rhapollo,no_dns,,,,,no,,,,,,,
rhinternal.net,Rhinternal,no_dns,,,,,no,,,,,,,
rideways.com,Rideways,no_dns,,,,,no,,,,,,,
ridewithvia.com,Ridewithvia,none,,,,,no,,,,,,,
ridewithvia.neoridelittlerock,Ridewithvia,no_dns,,,,,no,,,,,,,
ridewithvia.zuzu,Ridewithvia,no_dns,,,,,no,,,,,,,
rieker-shop.be,Rieker Shop,inconclusive,network unreachable,,,,no,,,,,,,
ring.com,Ring,none,,,,,no,,,,,,,
ring.neighborhoods,Ring,no_dns,,,,,no,,,,,,,
rings.solutions,Rings,no_dns,,,,,no,,,,,,,
ripio.android,Ripio,no_dns,,,,,no,,,,,,,
ripio.com,Ripio,confirmed,protected,https://api.ripio.com/mcp,,,yes,no,yes,,https://api.ripio.com/,,https://apidocs.ripio.com/static/api/overview,
ripio.ios,Ripio,no_dns,,,,,no,,,,,,,
riskrecon.com,Riskrecon,none,,,,,no,,,,,,,
riskrecon.eu,Riskrecon,none,,,,,no,,,,,,,
ritzcarlton.com,Ritzcarlton,none,,,,,no,,,,,,,
robinhood.android,Robinhood,no_dns,,,,,no,,,,,,,
robinhood.com,Robinhood,confirmed,prm,https://agent.robinhood.com/mcp/trading | https://banking-agent.robinhood.com/mcp/banking,,,yes,yes,yes,,https://agent.robinhood.com/mcp/trading,internal,,
robinhood.gateway,Robinhood,no_dns,,,,,no,,,,,,,
robinhood.money,Robinhood,no_dns,,,,,no,,,,,,,
robinhood.net,Robinhood,no_dns,,,,,no,,,,,,,
roblox.com,Roblox,doc_lead,,,,,no,,,,,,,
rochebros.com,Rochebros,none,,,,,no,,,,,,,
rockband.com,Rockband,none,,,,,no,,,,,,,
rockband4.com,Rockband4,none,,,,,no,,,,,,,
rockbandvr.com,Rockbandvr,none,,,,,no,,,,,,,
rocketleague.com,Rocketleague,none,,,,,no,,,,,,,
rockstargames.com,Rockstargames,none,,,,,no,,,,,,,
rockstarnorth.com,Rockstarnorth,none,,,,,no,,,,,,,
rogo.ai,Rogo,confirmed,live,https://docs.rogo.ai/mcp,fern-docs-mcp-server,docs-platform server,no,,,no auth required,,,,
roku.com,Roku,none,,,,,no,,,,,,,
romwe.com,Romwe,none,,,,,no,,,,,,,
roon.app,Roon,none,,,,,no,,,,,,,
roondrops.com,Roondrops,none,,,,,no,,,,,,,
roonessentials.com,Roonessentials,none,,,,,no,,,,,,,
roonessentials.net,Roonessentials,no_dns,,,,,no,,,,,,,
roonlabs.com,Roonlabs,none,,,,,no,,,,,,,
roonlabs.net,Roonlabs,none,,,,,no,,,,,,,
rosewill.com,Rosewill,none,,,,,no,,,,,,,
rosewillhome.com,Rosewillhome,no_dns,,,,,no,,,,,,,
row.pro,Row,none,,,,,no,,,,,,,
royco.org,Royco,confirmed,live,https://docs.royco.org/mcp,,,no,,,no auth required,,,,
rtbscale.com,Rtbscale,none,,,,,no,,,,,,,
runnr.in,Runnr,none,,,,,no,,,,,,,
rustore.ru,Rustore,none,,,,,no,,,,,,,
rwb.ru,Rwb,none,,,,,no,,,,,,,
rzebl.ch,Rzebl,no_dns,,,,,no,,,,,,,
s-cloud.fi,S Group,confirmed,prm,https://mcp.s-cloud.fi/mcp | https://mcp.s-cloud.fi/sse | https://mcp.s-cloud.fi/ | https://mcp.s-cloud.fi/v1/mcp | https://mcp.s-cloud.fi/api/mcp | https://mcp.s-cloud.fi/mcp/,,,yes,yes,yes,,https://mcp.s-cloud.fi,https://mcp.s-cloud.fi/access,,
s-cloud.net,S Cloud,no_dns,,,,,no,,,,,,,
s-kaupat.fi,S Kaupat,none,,,,,no,,,,,,,
s-pankki.fi,S Pankki,none,,,,,no,,,,,,,
s-ryhma.fi,S Ryhma,none,,,,,no,,,,,,,
s2stagehance.com,S2Stagehance,none,,,,,no,,,,,,,
salesforce.com,Salesforce,confirmed,documented,https://api.salesforce.com/platform/mcp/v1/mcp,,,yes,no,yes,,https://api.salesforce.com:443/platform/mcp/v1/mcp,mcp_api refresh_token,https://developer.salesforce.com/docs/platform/hosted-mcp-servers/guide/hosted-mcp-servers-overview.html,
saltlabs.com,Saltlabs,none,,,,,no,,,,,,,
samenfittorfs.be,Samenfittorfs,none,,,,,no,,,,,,,
sameroom.io,Sameroom,none,,,,,no,,,,,,,
samltool.io,Samltool,none,,,,,no,,,,,,,
samokat.io,Samokat,no_dns,,,,,no,,,,,,,
samokat.ru,Samokat,none,,,,,no,,,,,,,
samokat.tech,Samokat,none,,,,,no,,,,,,,
sanitas.com,Sanitas,none,,,,,no,,,,,,,
saturn.de,Saturn,none,,,,,no,,,,,,,
savi.xyz,Savi,none,,,,,no,,,,,,,
say.rocks,Say,inconclusive,network unreachable,,,,no,,,,,,,
saytechnologies.com,Saytechnologies,none,,,,,no,,,,,,,
sber.ru,Sber,doc_lead,,,,,no,,,,,,,
sberbank.com,Sberbank,none,,,,,no,,,,,,,
sberbank.ru,Sberbank,none,,,,,no,,,,,,,
sbercloud.tech,Sbercloud,none,,,,,no,,,,,,,
sberdevices.ru,Sberdevices,none,,,,,no,,,,,,,
sberleasing.ru,Sberleasing,none,,,,,no,,,,,,,
sberlogistics.ru,Sberlogistics,none,,,,,no,,,,,,,
sbermarket.ru,Sbermarket,none,,,,,no,,,,,,,
sbermarketing.ru,Sbermarketing,none,,,,,no,,,,,,,
sberspasibo.ru,Sberspasibo,inconclusive,network unreachable,,,,no,,,,,,,
sbertech.ru,Sbertech,none,,,,,no,,,,,,,
sbgcdn.com,Sbgcdn,none,,,,,no,,,,,,,
sbgcore.com,Sbgcore,no_dns,,,,,no,,,,,,,
sbgorigin.com,Sbgorigin,no_dns,,,,,no,,,,,,,
sbgservices.com,Sbgservices,no_dns,,,,,no,,,,,,,
sbgtest.net,Sbgtest,no_dns,,,,,no,,,,,,,
sblogistica.ru,Sblogistica,none,,,,,no,,,,,,,
sc-core.net,Sc Core,no_dns,,,,,no,,,,,,,
sc-corp.net,Sc Corp,none,,,,,no,,,,,,,
scaleft.com,Scaleft,none,,,,,no,,,,,,,
scan.android,Scan,no_dns,,,,,no,,,,,,,
scan.ios,Scan,no_dns,,,,,no,,,,,,,
scan.me,Scan,no_dns,,,,,no,,,,,,,
scatec.io,Scatec,none,,,,,no,,,,,,,
scee.psxandroid,Scee,no_dns,,,,,no,,,,,,,
scene7.com,Scene7,inconclusive,network unreachable,,,,no,,,,,,,
schoenentorfs.be,Schoenentorfs,none,,,,,no,,,,,,,
schoenentorfs.nl,Schoenentorfs,none,,,,,no,,,,,,,
schweizstrom.ch,Schweizstrom,no_dns,,,,,no,,,,,,,
scoober.com,Scoober,none,,,,,no,,,,,,,
scriptcycle.com,Scriptcycle,none,,,,,no,,,,,,,
scrollscan.com,Scrollscan,none,,,,,no,,,,,,,
sdx.com,Sdx,none,,,,,no,,,,,,,
seaworld.com,Seaworld,none,,,,,no,,,,,,,
sec-tunnel.com,Sec Tunnel,none,,,,,no,,,,,,,
secretmag.ru,Secretmag,none,,,,,no,,,,,,,
secretsresorts.com,Secretsresorts,none,,,,,no,,,,,,,
securecircle.com,Securecircle,none,,,,,no,,,,,,,
securegateway.com,Securegateway,none,,,,,no,,,,,,,
securegatewayaccess.com,Securegatewayaccess,none,,,,,no,,,,,,,
securelogon.ch,Securelogon,no_dns,,,,,no,,,,,,,
security-assessments.com,Security Assessments,none,,,,,no,,,,,,,
securityservices.io,Securityservices,inconclusive,network unreachable,,,,no,,,,,,,
securitytrails.com,Securitytrails,confirmed,rpcerror,https://docs.securitytrails.com/mcp,,,yes,yes,yes,,https://dash.readme.com/oidc,openid offline_access mcp:read mcp:write email profile,,
seek.com,Seek,none,,,,,no,,,,,,,
seekcdn.com,Seekcdn,none,,,,,no,,,,,,,
seekpass.co,Seekpass,none,,,,,no,,,,,,,
segment.com,Segment,none,,,,,no,,,,,,,
segment.io,Segment,none,,,,,no,,,,,,,
seitrace.com,Seitrace,confirmed,live,https://docs.seitrace.com/mcp,,,no,,,no auth required,,,,
seller.android,Seller,no_dns,,,,,no,,,,,,,
seller.app,Seller,inconclusive,network unreachable,,,,no,,,,,,,
sellerly.com,Sellerly,none,,,,,no,,,,,,,
sellermobile.android,Sellermobile,no_dns,,,,,no,,,,,,,
sellingpilot.com,Sellingpilot,none,,,,,no,,,,,,,
sellzone.com,Sellzone,none,,,,,no,,,,,,,
semmle.com,Semmle,none,,,,,no,,,,,,,
semmle.net,Semmle,none,,,,,no,,,,,,,
semrush.com,Semrush,confirmed,prm,https://mcp.semrush.com/v1/mcp,,,yes,no,no,,https://oauth.semrush.com,mcp.access,https://developer.semrush.com/api/v4/introduction/semrush-mcp/,
semrush.net,Semrush,inconclusive,network unreachable,,,,no,,,,,,,
semrushchina.cn,Semrushchina,no_dns,,,,,no,,,,,,,
send2.co,Send2,none,,,,,no,,,,,,,
sender.org,Sender,none,,,,,no,,,,,,,
sendgrid.com,Sendgrid,doc_lead,,,,,no,,,,,,,
sendgrid.net,Sendgrid,none,,,,,no,,,,,,,
seoab.io,Seoab,inconclusive,network unreachable,,,,no,,,,,,,
seoquake.com,Seoquake,none,,,,,no,,,,,,,
seraphicsecurity.com,Seraphicsecurity,none,,,,,no,,,,,,,
serious.li,Serious,no_dns,,,,,no,,,,,,,
seriously.bestfiends,Seriously,no_dns,,,,,no,,,,,,,
seriously.com,Seriously,none,,,,,no,,,,,,,
seriously.phoenix,Seriously,no_dns,,,,,no,,,,,,,
service-now.com,Service Now,doc_lead,,,,,no,,,,,,,
sesameplace.com,Sesameplace,none,,,,,no,,,,,,,
sf-api.com,Sf Api,none,,,,,no,,,,,,,
sf-api.eu,Sf Api,none,,,,,no,,,,,,,
sft-api.com,Sft Api,none,,,,,no,,,,,,,
sgnl.ai,Sgnl,doc_lead,,,,,no,,,,,,,
sgnl.cloud,Sgnl,no_dns,,,,,no,,,,,,,
sgnl.team,Sgnl,no_dns,,,,,no,,,,,,,
sgnlapis.cloud,Sgnlapis,no_dns,,,,,no,,,,,,,
shapeshift.com,Shapeshift,none,,,,,no,,,,,,,
sharefile.com,Sharefile,none,,,,,no,,,,,,,
sharefile.eu,Sharefile,none,,,,,no,,,,,,,
sharepoint.com,Sharepoint,confirmed,authwall,https://mcp.sharepoint.com/mcp | https://mcp.sharepoint.com/sse | https://mcp.sharepoint.com/ | https://mcp.sharepoint.com/v1/mcp | https://mcp.sharepoint.com/api/mcp | https://mcp.sharepoint.com/mcp/,,,yes,no,no,,https://login.microsoftonline.com/69ec38e5-e1fc-41d9-872f-562746431cde/v2.0,https://mcp.sharepoint.com/Sites.FullControl.All,,
sharerewards.com,Sharerewards,none,,,,,no,,,,,,,
sheer.com,Sheer,none,,,,,no,,,,,,,
shein.com,Shein,none,,,,,no,,,,,,,
shein.in,Shein,none,,,,,no,,,,,,,
sheingsp.com,Sheingsp,no_dns,,,,,no,,,,,,,
shffls.com,Shffls,none,,,,,no,,,,,,,
shiftpayments.shiftcard,Shiftpayments,no_dns,,,,,no,,,,,,,
shiseido.me,Shiseido,inconclusive,network unreachable,,,,no,,,,,,,
shop.app,Shopify (Shop),confirmed,live,https://shop.app/mcp,shopify-mcp-server,,yes,no,yes,,https://accounts.shop.app,agent:access,https://my.shop-mcp.app/docs/quickstart,
shopai.apps,Shopai,no_dns,,,,,no,,,,,,,
shopify.arrive,Shopify,no_dns,,,,,no,,,,,,,
shopify.com,Shopify,none,,,,,no,,,,,,https://shopify.dev/docs/apps/build/storefront-mcp/servers/storefront,
shopify.io,Shopify,none,,,,,no,,,,,,,
shopify.mobile,Shopify,no_dns,,,,,no,,,,,,,
shopify.plus,Shopify,none,,,,,no,,,,,,,
shopify.pos,Shopify,no_dns,,,,,no,,,,,,,
shopifycloud.com,Shopifycloud,none,,,,,no,,,,,,,
shopifycs.com,Shopifycs,no_dns,,,,,no,,,,,,,
shopifyinbox.com,Shopifyinbox,no_dns,,,,,no,,,,,,,
shopifyinc.com,Shopifyinc,no_dns,,,,,no,,,,,,,
shopifykloud.com,Shopifykloud,no_dns,,,,,no,,,,,,,
shopmarriott.com,Shopmarriott,none,,,,,no,,,,,,,
shopthefastlane.com,Shopthefastlane,none,,,,,no,,,,,,,
sidefx.com,Sidefx,none,,,,,no,,,,,,,
signalpath.com,Signalpath,none,,,,,no,,,,,,,
siilo.com,Siilo,none,,,,,no,,,,,,,
simple-reports.com,Simple Reports,none,,,,,no,,,,,,,
simpletax.ca,Simpletax,none,,,,,no,,,,,,,
simplisafe.com,Simplisafe,none,,,,,no,,,,,,,
sincera.io,Sincera,none,,,,,no,,,,,,,
singspacegame.com,Singspacegame,none,,,,,no,,,,,,,
site.com,Site,none,,,,,no,,,,,,,
six-dochub.com,Six Dochub,none,,,,,no,,,,,,,
six-exchange-regulation.com,Six Exchange Regulation,none,,,,,no,,,,,,,
six-group.com,Six Group,none,,,,,no,,,,,,,
six-swiss-exchange.com,Six Swiss Exchange,none,,,,,no,,,,,,,
skbkontur.ru,Skbkontur,none,,,,,no,,,,,,,
sketchfab.com,Sketchfab,none,,,,,no,,,,,,,
skidxb.com,Skidxb,inconclusive,network unreachable,,,,no,,,,,,,
skinfra.xyz,Skinfra,no_dns,,,,,no,,,,,,,
skippayments.com,Skippayments,no_dns,,,,,no,,,,,,,
skipthedishes.com,Skipthedishes,none,,,,,no,,,,,,,
skroutz.gr,Skroutz,none,,,,,no,,,,,,,
sky.money,Sky,none,,,,,no,,,,,,,
skybet.com,Skybet,none,,,,,no,,,,,,,
skybet.net,Skybet,inconclusive,network unreachable,,,,no,,,,,,,
skybetservices.com,Skybetservices,none,,,,,no,,,,,,,
skybettest.net,Skybettest,no_dns,,,,,no,,,,,,,
skybettingandgaming.com,Skybettingandgaming,no_dns,,,,,no,,,,,,,
skybettingandgaming.design,Skybettingandgaming,no_dns,,,,,no,,,,,,,
skybettingandgaming.info,Skybettingandgaming,no_dns,,,,,no,,,,,,,
skybingo.com,Skybingo,none,,,,,no,,,,,,,
skycasino.com,Skycasino,none,,,,,no,,,,,,,
skygamingcontent.com,Skygamingcontent,no_dns,,,,,no,,,,,,,
skypicker.com,Skypicker,none,,,,,no,,,,,,,
skypicker.main,Skypicker,no_dns,,,,,no,,,,,,,
skypicker.skypicker,Skypicker,no_dns,,,,,no,,,,,,,
skypoker.com,Skypoker,none,,,,,no,,,,,,,
skyscanner.net,Skyscanner,doc_lead,,,,,no,,,,,,,
skysports.com,Skysports,none,,,,,no,,,,,,,
skyteam.com,Skyteam,none,,,,,no,,,,,,,
skyvegas.com,Skyvegas,none,,,,,no,,,,,,,
slack-imgs.com,Slack Imgs,none,,,,,no,,,,,,,
slack-redir.net,Slack Redir,no_dns,,,,,no,,,,,,,
slack-status.com,Slack Status,none,,,,,no,,,,,,,
slack.com,Slack,confirmed,protected,https://mcp.slack.com/mcp | https://slack.com/mcp | https://api.slack.com/mcp | https://mcp.slack.com/mcp/ | https://api.slack.com/mcp/,,,yes,no,yes,,https://mcp.slack.com,search:read.public search:read.private search:read.mpim search:read.im search:read.files search:read.users,https://docs.slack.dev/ai/slack-mcp-server,
slack.slackmdm,Slack,no_dns,,,,,no,,,,,,,
slackatwork.com,Slackatwork,confirmed,protected,https://slackatwork.com/mcp,,,no,,,static API key / bearer token,,,,
slackb.com,Slackb,none,,,,,no,,,,,,,
slimdevices.com,Slimdevices,none,,,,,no,,,,,,,
slingshot.app,Slingshot,inconclusive,network unreachable,,,,no,,,,,,,
slingshot.finance,Slingshot,inconclusive,network unreachable,,,,no,,,,,,,
slotomania.com,Slotomania,none,,,,,no,,,,,,,
slotomania.ru,Slotomania,none,,,,,no,,,,,,,
smartcontract.com,Smartcontract,none,,,,,no,,,,,,,
smtp2go.com,Smtp2Go,confirmed,live,https://developers.smtp2go.com/mcp,SMTP2GO-API-Docs,docs-platform server,yes,yes,yes,,https://dash.readme.com/oidc,openid offline_access mcp:read mcp:write email profile,,
snapchat.android,Snapchat,no_dns,,,,,no,,,,,,,
snapchat.com,Snapchat,none,,,,,no,,,,,,,
snapnames.com,Snapnames,none,,,,,no,,,,,,,
snappytv.com,Snappytv,none,,,,,no,,,,,,,
snapshooter.com,Snapshooter,none,,,,,no,,,,,,,
snooguts.net,Reddit,confirmed,prm,https://mcp.snooguts.net/mcp | https://mcp.snooguts.net/sse | https://mcp.snooguts.net/ | https://mcp.snooguts.net/v1/mcp | https://mcp.snooguts.net/api/mcp | https://mcp.snooguts.net/mcp/,,,yes,yes,yes,,https://snooflare.cloudflareaccess.com,,,
snowscan.xyz,Snowscan,none,,,,,no,,,,,,,
snowtrace.io,Snowtrace,none,,,,,no,,,,,,,
sogexia.com,Sogexia,none,,,,,no,,,,,,,
sokos.fi,Sokos,none,,,,,no,,,,,,,
sol-data.com,Sol Data,inconclusive,network unreachable,,,,no,,,,,,,
solana.com,Solana,confirmed,live,https://mcp.solana.com/mcp,,,no,,,no auth required,,,,
solarcity.com,Solarcity,inconclusive,network unreachable,,,,no,,,,,,,
solscan.io,Solscan,confirmed,live,https://docs.solscan.io/~gitbook/mcp,mcp-typescript server on vercel,docs-platform server,no,,,no auth required,,,,
solv.finance,Solv,none,,,,,no,,,,,,,
sonantic.io,Sonantic,no_dns,,,,,no,,,,,,,
sonicscan.org,Sonicscan,none,,,,,no,,,,,,,
sony.com,Sony,none,,,,,no,,,,,,,
sonyentertainmentnetwork.com,Sonyentertainmentnetwork,inconclusive,network unreachable,,,,no,,,,,,,
sophos.com,Sophos,confirmed,authwall,https://solam.ai.intelix.sophos.com/mcp,,,no,,,auth unclear (HTTP 401),,,,
sorare.com,Sorare,none,,,,,no,,,,,,,
soundcloud.com,Soundcloud,none,,,,,no,,,,,,,
soundcloud.org,Soundcloud,none,,,,,no,,,,,,,
soundon.global,Soundon,none,,,,,no,,,,,,,
soundonw.us,Soundonw,no_dns,,,,,no,,,,,,,
soundtrap.com,Soundtrap,none,,,,,no,,,,,,,
soundtrap.dreamcatcher,Soundtrap,no_dns,,,,,no,,,,,,,
souparea.com,Souparea,none,,,,,no,,,,,,,
sourcetreeapp.com,Sourcetreeapp,none,,,,,no,,,,,,,
southwestvacations.com,Southwestvacations,none,,,,,no,,,,,,,
soyoustart.com,Soyoustart,none,,,,,no,,,,,,,
spaces.pm,Spaces,none,,,,,no,,,,,,,
spark-portal.org,Spark Portal,inconclusive,network unreachable,,,,no,,,,,,,
spark-summit.com,Spark Summit,inconclusive,network unreachable,,,,no,,,,,,,
spark-summit.org,Spark Summit,none,,,,,no,,,,,,,
spasibo.digital,Spasibo,none,,,,,no,,,,,,,
spasibo.market,Spasibo,none,,,,,no,,,,,,,
spasibobonus.ru,Spasibobonus,no_dns,,,,,no,,,,,,,
spasibosb.ru,Spasibosb,none,,,,,no,,,,,,,
spasibosberbank.ru,Spasibosberbank,none,,,,,no,,,,,,,
spectacles.com,Spectacles,none,,,,,no,,,,,,,
speech.sim,Speech,no_dns,,,,,no,,,,,,,
spiketrap.io,Spiketrap,none,,,,,no,,,,,,,
spinaway.com,Spinaway,none,,,,,no,,,,,,,
sportingbet.com,Sportingbet,none,,,,,no,,,,,,,
sportinglife.com,Sportinglife,none,,,,,no,,,,,,,
sporza.be,Sporza,none,,,,,no,,,,,,,
spot.cash,Spot,confirmed,live,https://docs.spot.cash/~gitbook/mcp,mcp-typescript server on vercel,docs-platform server,no,,,no auth required,,,,
spotify.client,Spotify,no_dns,,,,,no,,,,,,,
spotify.com,Spotify,confirmed,protected,https://mcp-gateway-external-pilot.spotify.net/mcp,,,yes,no,yes,,https://accounts.spotify.com,user-read-playback-state user-library-read user-follow-read app-remote-control user-modify-playback-state user-library-modify,,
spotify.kids,Spotify,no_dns,,,,,no,,,,,,,
spotify.lite,Spotify,no_dns,,,,,no,,,,,,,
spotify.music,Spotify,none,,,,,no,,,,,,,
spotify.net,Spotify,confirmed,prm,https://mcp-gateway-external-pilot.spotify.net/mcp,,,yes,no,yes,,https://accounts.spotify.com,user-read-playback-state user-library-read user-follow-read app-remote-control user-modify-playback-state user-library-modify,,
spotify.s4a,Spotify,no_dns,,,,,no,,,,,,,
spotify.stations,Spotify,no_dns,,,,,no,,,,,,,
spotify.zerotap,Spotify,no_dns,,,,,no,,,,,,,
spotifyforbrands.com,Spotifyforbrands,none,,,,,no,,,,,,,
sprint.com,Sprint,none,,,,,no,,,,,,,
sprouts.com,Sprouts,none,,,,,no,,,,,,,
square.online,Square,none,,,,,no,,,,,,,
squareup.com,Square,confirmed,protected,https://mcp.squareup.com/mcp | https://mcp.squareup.com/sse | https://mcp.squareup.com/mcp/ | https://mcp.squareup.com/mcp/sse | https://mcp.squareup.com/mcp/server | https://mcp.squareup.com/mcp/mcp,,,yes,yes,yes,,https://mcp.squareup.com,,https://developer.squareup.com/docs/mcp,
srilankaevisa.lk,Srilankaevisa,no_dns,,,,,no,,,,,,,
stackup.fi,Stackup,none,,,,,no,,,,,,,
staff.monash,Staff,none,,,,,no,,,,,,,
staging-airtableblocks.com,Staging Airtableblocks,none,,,,,no,,,,,,,
stakewise.io,Stakewise,none,,,,,no,,,,,,,
starbucks.br,Starbucks,no_dns,,,,,no,,,,,,,
starbucks.ca,Starbucks,none,,,,,no,,,,,,,
starbucks.cn,Starbucks,inconclusive,network unreachable,,,,no,,,,,,,
starbucks.com,Starbucks,none,,,,,no,,,,,,,
starbucks.de,Starbucks,none,,,,,no,,,,,,,
starbucks.fr,Starbucks,none,,,,,no,,,,,,,
starbucks.jp,Starbucks,no_dns,,,,,no,,,,,,,
starbucks.mobilecard,Starbucks,no_dns,,,,,no,,,,,,,
starbucks.mystarbucks,Starbucks,no_dns,,,,,no,,,,,,,
starbucks.sbuxsingapore,Starbucks,no_dns,,,,,no,,,,,,,
starbucks.singapore,Starbucks,no_dns,,,,,no,,,,,,,
starbuckschina.mystarbucksmoments,Starbuckschina,no_dns,,,,,no,,,,,,,
starbucksreserve.com,Starbucksreserve,none,,,,,no,,,,,,,
starknet.io,Starknet,confirmed,live,https://docs.starknet.io/mcp,,,no,,,no auth required,,,,
starkscan.co,Starkscan,confirmed,authwall,https://api.starkscan.co/mcp | https://starkscan.co/mcp,,,no,,,static API key / bearer token,,,https://starkscan.co/docs/ai/mcp-quickstart,
starwoodhotels.com,Starwoodhotels,none,,,,,no,,,,,,,
statuspage.io,Statuspage,confirmed,authwall,https://mcp.statuspage.io/,,,no,,,auth unclear (HTTP 400),,,,
staygold.app,Staygold,none,,,,,no,,,,,,,
stbl.com,Stbl,none,,,,,no,,,,,,,
stcelo.xyz,Stcelo,confirmed,live,https://docs.stcelo.xyz/~gitbook/mcp,mcp-typescript server on vercel,docs-platform server,no,,,no auth required,,,,
steam.exe,Steam,no_dns,,,,,no,,,,,,,
steamcommunity.com,Steamcommunity,none,,,,,no,,,,,,,
steamgames.com,Steamgames,none,,,,,no,,,,,,,
steampowered.com,Steampowered,none,,,,,no,,,,,,,
steamstatic.com,Steamstatic,no_dns,,,,,no,,,,,,,
sterkinjeschoenen.be,Sterkinjeschoenen,no_dns,,,,,no,,,,,,,
stg-myteksi.com,Stg Myteksi,none,,,,,no,,,,,,,
storspelare.se,Storspelare,none,,,,,no,,,,,,,
storspiller.com,Storspiller,no_dns,,,,,no,,,,,,,
streamlabs.com,Streamlabs,none,,,,,no,,,,,,,
streamlabs.slobsrc,Streamlabs,no_dns,,,,,no,,,,,,,
streamlabscharity.com,Streamlabscharity,none,,,,,no,,,,,,,
stripchat.com,Stripchat,none,,,,,no,,,,,,,
stripe.com,Stripe,confirmed,prm,https://mcp.stripe.com/,,,yes,yes,yes,,https://access.stripe.com/mcp,mcp,https://docs.stripe.com/mcp,
stripe.partners,Stripe,none,,,,,no,,,,,,,
stubru.be,Stubru,none,,,,,no,,,,,,,
student.monash,Student,review,blocked / unclear,,,,no,,,,,,,
substance3d.com,Substance3D,none,,,,,no,,,,,,,
suiscan.xyz,Suiscan,none,,,,,no,,,,,,,
sumer.money,Sumer,confirmed,live,https://docs.sumer.money/~gitbook/mcp,mcp-typescript server on vercel,docs-platform server,no,,,no auth required,,,,
sunscaperesorts.com,Sunscaperesorts,none,,,,,no,,,,,,,
superbet.com,Superbet,none,,,,,no,,,,,,,
superbet.games,Superbet,none,,,,,no,,,,,,,
superbet.gr,Superbet,none,,,,,no,,,,,,,
superbet.pl,Superbet,none,,,,,no,,,,,,,
superbet.ro,Superbet,none,,,,,no,,,,,,,
superbet.rs,Superbet,none,,,,,no,,,,,,,
superbet.sport,Superbet,no_dns,,,,,no,,,,,,,
superhuman.com,Superhuman,confirmed,prm,https://docs.superhuman.com/apis/mcp | https://mcp.mail.superhuman.com/mcp,,,yes,yes,yes,,https://id.superhuman.com,mcp:all,,
superposition.finance,Superposition,confirmed,live,https://docs.superposition.finance/~gitbook/mcp,mcp-typescript server on vercel,docs-platform server,no,,,no auth required,,,,
supertreat.solitaire,Supertreat,no_dns,,,,,no,,,,,,,
sushi.com,Sushi,none,,,,,no,,,,,,,
sustentabilidadmercadolibre.com,Sustentabilidadmercadolibre,none,,,,,no,,,,,,,
sverkhtech.ru,Sverkhtech,none,,,,,no,,,,,,,
swa.mobileapp,Swa,no_dns,,,,,no,,,,,,,
swapcard.com,Swapcard,none,,,,,no,,,,,,,
sweed.app,Sweed,none,,,,,no,,,,,,,
sweedpos.com,Sweedpos,none,,,,,no,,,,,,,
swiftcapital.com,Swiftcapital,inconclusive,network unreachable,,,,no,,,,,,,
swiftfinancial.com,Swiftfinancial,none,,,,,no,,,,,,,
swiftype.com,Swiftype,none,,,,,no,,,,,,,
swisstransfer.com,Swisstransfer,none,,,,,no,,,,,,,
switchcraft.googleplay,Switchcraft,no_dns,,,,,no,,,,,,,
swoodoo.com,Swoodoo,none,,,,,no,,,,,,,
syfe.com,Syfe,none,,,,,no,,,,,,,
symbiotic.fi,Symbiotic,none,,,,,no,,,,,,,
synfutures.com,Synfutures,confirmed,live,https://docs.synfutures.com/~gitbook/mcp,mcp-typescript server on vercel,docs-platform server,no,,,no auth required,,,,
synthetix.io,Synthetix,none,,,,,no,,,,,,,
t-capital-funds.ru,T Capital Funds,none,,,,,no,,,,,,,
t-mobile.com,T Mobile,none,,,,,no,,,,,,,
t.co,T,none,,,,,no,,,,,,,
t.me,T,doc_lead,,,,,no,,,,,,,
tabac-info-service.fr,Tabac Info Service,none,,,,,no,,,,,,,
tac.build,Tac,confirmed,live,https://docs.tac.build/mcp,,,no,,,no auth required,,,,
tagesanzeiger.ch,Tagesanzeiger,none,,,,,no,,,,,,,
tahoe.freetime,Tahoe,no_dns,,,,,no,,,,,,,
tahoe.grownups,Tahoe,no_dns,,,,,no,,,,,,,
takeaway.com,Takeaway,none,,,,,no,,,,,,,
talantix.ru,Talantix,none,,,,,no,,,,,,,
tamg.cloud,Tamg,inconclusive,network unreachable,,,,no,,,,,,,
tapayments.com,Tapayments,none,,,,,no,,,,,,,
tapbit.com,Tapbit,none,,,,,no,,,,,,,
taralite.com,Taralite,none,,,,,no,,,,,,,
tasheer.com,Tasheer,none,,,,,no,,,,,,,
taxify.eu,Taxify,none,,,,,no,,,,,,,
taxjar.com,Taxjar,none,,,,,no,,,,,,,
tbank.ru,Tbank,confirmed,authwall,https://mcp.tbank.ru/mcp | https://mcp.tbank.ru/sse | https://mcp.tbank.ru/ | https://mcp.tbank.ru/v1/mcp | https://mcp.tbank.ru/api/mcp | https://mcp.tbank.ru/mcp/,,,no,,,auth unclear (HTTP 403),,,,
tccalling.net,Tccalling,no_dns,,,,,no,,,,,,,
tcpay.in,Tcpay,no_dns,,,,,no,,,,,,,
tcsbank.ru,Tcsbank,none,,,,,no,,,,,,,
tcx.sipphone14,Tcx,no_dns,,,,,no,,,,,,,
tdl.sh,Tdl,none,,,,,no,,,,,,,
teamfortress.com,Teamfortress,none,,,,,no,,,,,,,
teamviewer.com,Teamviewer,none,,,,,no,,,,,,,
tech-mail.ru,Tech Mail,none,,,,,no,,,,,,,
tech.plata,Tech,no_dns,,,,,no,,,,,,,
technician.android,Technician,no_dns,,,,,no,,,,,,,
tectonic.finance,Tectonic,none,,,,,no,,,,,,,
teleboy.ch,Teleboy,none,,,,,no,,,,,,,
telenor.se,Telenor,none,,,,,no,,,,,,,
telenorinpli.se,Telenorinpli,inconclusive,network unreachable,,,,no,,,,,,,
tempus-ex.com,Tempus Ex,none,,,,,no,,,,,,,
temu.com,Temu,none,,,,,no,,,,,,,
tesla.cn,Tesla,inconclusive,network unreachable,,,,no,,,,,,,
tesla.com,Tesla,none,,,,,no,,,,,,,
tesla.services,Tesla,inconclusive,network unreachable,,,,no,,,,,,,
teslainsuranceservices.com,Teslainsuranceservices,none,,,,,no,,,,,,,
teslamotors.com,Teslamotors,inconclusive,network unreachable,,,,no,,,,,,,
test-socrata.com,Test Socrata,none,,,,,no,,,,,,,
test.com,Test,no_dns,,,,,no,,,,,,,
tf2.exe,Tf2,no_dns,,,,,no,,,,,,,
tgoyemek.com,Tgoyemek,none,,,,,no,,,,,,,
thalesgroup.com,Thalesgroup,doc_lead,,,,,no,,,,,,,
thatconceptstore.com,Thatconceptstore,inconclusive,network unreachable,,,,no,,,,,,,
thebrowser.arc,Thebrowser,no_dns,,,,,no,,,,,,,
thebrowser.company,Thebrowser,none,,,,,no,,,,,,,
thecurrent.com,Thecurrent,none,,,,,no,,,,,,,
theelasticast.com,Theelasticast,no_dns,,,,,no,,,,,,,
thefork.com,Thefork,none,,,,,no,,,,,,,
thefork.io,Thefork,none,,,,,no,,,,,,,
thefork.tech,Thefork,no_dns,,,,,no,,,,,,,
theforkmanager.com,Theforkmanager,none,,,,,no,,,,,,,
thetradedesk.com,Thetradedesk,none,,,,,no,,,,,,,
thinkglobalhealth.org,Thinkglobalhealth,none,,,,,no,,,,,,,
thinkingphones.com,Thinkingphones,none,,,,,no,,,,,,,
thinkingphones.net,Thinkingphones,no_dns,,,,,no,,,,,,,
thousandeyes.com,Thousandeyes,confirmed,protected,https://api.thousandeyes.com/mcp | https://api.thousandeyes.com/v1/mcp | https://api.thousandeyes.com/api/mcp | https://api.thousandeyes.com/mcp/ | https://api.thousandeyes.com/mcp/sse | https://api.thousandeyes.com/mcp/server,,,yes,yes,yes,,https://api.thousandeyes.com,mcp:manage offline_access,https://docs.thousandeyes.com/product-documentation/integration-guides/thousandeyes-mcp-server,
threema.ch,Threema,none,,,,,no,,,,,,,
threshold.network,Threshold,confirmed,live,https://docs.threshold.network/~gitbook/mcp,mcp-typescript server on vercel,docs-platform server,no,,,no auth required,,,,
thueringer-foerderportal.eu,Thueringer Foerderportal,none,,,,,no,,,,,,,
thuisbezorgd.nl,Thuisbezorgd,none,,,,,no,,,,,,,
ticketflow.ticketscanner,Ticketflow,no_dns,,,,,no,,,,,,,
ticketnew.com,Ticketnew,none,,,,,no,,,,,,,
tickets.kz,Tickets,none,,,,,no,,,,,,,
tickets.ua,Tickets,none,,,,,no,,,,,,,
tidal.com,Tidal,none,,,,,no,,,,,,,
tidalhifi.com,Tidalhifi,none,,,,,no,,,,,,,
tiktok.com,Tiktok,confirmed,protected,https://ads.tiktok.com/mcp,,,yes,yes,yes,,https://ads.tiktok.com,mcp:access,,
tiktok.tv,Tiktok,none,,,,,no,,,,,,,
tiktokcdn.com,Tiktokcdn,no_dns,,,,,no,,,,,,,
tiktokpangle.us,Tiktokpangle,no_dns,,,,,no,,,,,,,
tiktokpublishers.com,Tiktokpublishers,no_dns,,,,,no,,,,,,,
tiktokshop.com,Tiktokshop,none,,,,,no,,,,,,,
tiktokshop.seller,Tiktokshop,no_dns,,,,,no,,,,,,,
tiktokv.com,Tiktokv,none,,,,,no,,,,,,,
tiktokv.us,Tiktokv,none,,,,,no,,,,,,,
tiktokw.us,Tiktokw,inconclusive,network unreachable,,,,no,,,,,,,
timeweb.cloud,Timeweb,confirmed,authwall,https://timeweb.cloud/api/v1/mcp | https://timeweb.cloud/api/v1/mcp/,,,no,,,auth unclear (HTTP 401),,,,
timeweb.com,Timeweb,none,,,,,no,,,,,,,
timeweb.name,Timeweb,none,,,,,no,,,,,,,
timeweb.ru,Timeweb,none,,,,,no,,,,,,,
tinder.com,Tinder,none,,,,,no,,,,,,,
tinderops.net,Tinderops,no_dns,,,,,no,,,,,,,
tinderwebstaging.com,Tinderwebstaging,no_dns,,,,,no,,,,,,,
tink.com,Tink,none,,,,,no,,,,,,,
tinkoff.ru,Tinkoff,none,,,,,no,,,,,,,
tinkoffinsurance.ru,Tinkoffinsurance,none,,,,,no,,,,,,,
tinkoffjournal.ru,Tinkoffjournal,none,,,,,no,,,,,,,
tinkofinsurance.ru,Tinkofinsurance,no_dns,,,,,no,,,,,,,
tinyspeck.chatlyio,Tinyspeck,no_dns,,,,,no,,,,,,,
tktnew.com,Tktnew,none,,,,,no,,,,,,,
tokemak.xyz,Tokemak,confirmed,live,https://docs.tokemak.xyz/~gitbook/mcp,mcp-typescript server on vercel,docs-platform server,no,,,no auth required,,,,
token.im,Token,none,,,,,no,,,,,,,
tokopedia.com,Tokopedia,none,,,,,no,,,,,,,
tokopediax.com,Tokopediax,none,,,,,no,,,,,,,
tomorrowland.com,Tomorrowland,none,,,,,no,,,,,,,
tomorrowland.oneworldradio,Tomorrowland,no_dns,,,,,no,,,,,,,
tomorrowland.tomorrowland,Tomorrowland,no_dns,,,,,no,,,,,,,
tonviewer.com,Tonviewer,none,,,,,no,,,,,,,
toobit.com,Toobit,doc_lead,,,,,no,,,,,,,
toogud.android,Toogud,no_dns,,,,,no,,,,,,,
toolsforhumanity.com,Toolsforhumanity,confirmed,live,https://docs.toolsforhumanity.com/mcp,,,no,,,no auth required,,,,
toppjirayut.com,Toppjirayut,none,,,,,no,,,,,,,
torfs.be,Torfs,none,,,,,no,,,,,,,
torfs.nl,Torfs,none,,,,,no,,,,,,,
torfssuppliers.be,Torfssuppliers,no_dns,,,,,no,,,,,,,
toshi.distribution,Toshi,no_dns,,,,,no,,,,,,,
tospotify.com,Tospotify,no_dns,,,,,no,,,,,,,
tothemoon.com,Tothemoon,none,,,,,no,,,,,,,
touchtechpayments.com,Touchtechpayments,inconclusive,network unreachable,,,,no,,,,,,,
toursgds.com,Toursgds,no_dns,,,,,no,,,,,,,
toyopagroup.picaboo,Toyopagroup,no_dns,,,,,no,,,,,,,
tradepmr.com,Tradepmr,none,,,,,no,,,,,,,
trader.watch,Trader,no_dns,,,,,no,,,,,,,
trae.ai,Trae,doc_lead,,,,,no,,,,,,,
trainpal.com,Trainpal,none,,,,,no,,,,,,,
trajeoh.com,Trajeoh,none,,,,,no,,,,,,,
transferwise.com,Transferwise,none,,,,,no,,,,,,,
transparentadvertising.com,Transparentadvertising,none,,,,,no,,,,,,,
transparentadvertising.eu,Transparentadvertising,none,,,,,no,,,,,,,
travelbrandsagent.com,Travelbrandsagent,none,,,,,no,,,,,,,
travelcash.money,Travelcash,no_dns,,,,,no,,,,,,,
travelfrom.fr,Travelfrom,none,,,,,no,,,,,,,
travelimpressions.com,Travelimpressions,none,,,,,no,,,,,,,
travelocity.android,Travelocity,no_dns,,,,,no,,,,,,,
travelocity.ca,Travelocity,none,,,,,no,,,,,,,
travelocity.com,Travelocity,none,,,,,no,,,,,,,
travix.com,Travix,none,,,,,no,,,,,,,
travix.io,Travix,inconclusive,network unreachable,,,,no,,,,,,,
treehouse.finance,Treehouse,none,,,,,no,,,,,,,
trello.com,Trello,none,,,,,no,,,,,,,
trello.services,Trello (Atlassian),confirmed,prm,https://mcp.trello.services/mcp | https://mcp.trello.services/mcp/,,,yes,yes,yes,,https://mcp.trello.services/mcp,read:board:trello read:organization:trello read:member:trello read:member.inbox:trello write:member.inbox:trello read:member.planner:trello,https://mcp.trello.com/v1`,
trendyol-milla.com,Trendyol Milla,none,,,,,no,,,,,,,
trendyol.com,Trendyol,confirmed,rpcerror,https://developers.trendyol.com/mcp,,,yes,yes,yes,,https://dash.readme.com/oidc,openid offline_access mcp:read mcp:write email profile,,
trendyol.go,Trendyol,no_dns,,,,,no,,,,,,,
trendyolexpress.com,Trendyolexpress,none,,,,,no,,,,,,,
trendyolgo.com,Trendyolgo,none,,,,,no,,,,,,,
tria.ge,Tria,none,,,,,no,,,,,,,
trialpay.com,Trialpay,inconclusive,network unreachable,,,,no,,,,,,,
trip.android,Trip,no_dns,,,,,no,,,,,,,
trip.biz,Trip,none,,,,,no,,,,,,,
trip.com,Trip,none,,,,,no,,,,,,,
trip.ios,Trip,no_dns,,,,,no,,,,,,,
tripadvisor.com,Tripadvisor,confirmed,live,https://docs.terra.tripadvisor.com/mcp,Tripadvisor Terra,docs-platform server,yes,yes,yes,,https://dash.readme.com/oidc,openid offline_access mcp:read mcp:write email profile,,
triplinkintl.com,Triplinkintl,none,,,,,no,,,,,,,
trisept.travel,Trisept,none,,,,,no,,,,,,,
triseptapi.com,Triseptapi,no_dns,,,,,no,,,,,,,
triseptdemo.com,Triseptdemo,inconclusive,network unreachable,,,,no,,,,,,,
triseptsolutions.com,Triseptsolutions,none,,,,,no,,,,,,,
truata.com,Truata,none,,,,,no,,,,,,,
truecaller.com,Truecaller,confirmed,live,https://docs.truecaller.com/~gitbook/mcp,mcp-typescript server on vercel,docs-platform server,no,,,no auth required,,,,
ts.finance,Ts,confirmed,live,https://docs.ts.finance/~gitbook/mcp,mcp-typescript server on vercel,docs-platform server,no,,,no auth required,,,,
tstaging.com,Tstaging,no_dns,,,,,no,,,,,,,
tstaging.tools,Tstaging,no_dns,,,,,no,,,,,,,
tubemogul.com,Tubemogul,none,,,,,no,,,,,,,
tucarro.com,Tucarro,none,,,,,no,,,,,,,
tumoto.com,Tumoto,none,,,,,no,,,,,,,
tv.android,Tv,no_dns,,,,,no,,,,,,,
tvg.com,Tvg,none,,,,,no,,,,,,,
tvgateway.ru,Tvgateway,none,,,,,no,,,,,,,
tvgnetwork.com,Tvgnetwork,no_dns,,,,,no,,,,,,,
twilio.com,Twilio,confirmed,live,https://mcp.twilio.com/docs,twilio-docs-mcp,docs-platform server,no,,,no auth required,,,,
twimg.com,Twimg,no_dns,,,,,no,,,,,,,
twinmotion.com,Twinmotion,none,,,,,no,,,,,,,
twitter.android,Twitter,no_dns,,,,,no,,,,,,,
twitter.biz,Twitter,no_dns,,,,,no,,,,,,,
twitter.com,Twitter,review,route-specific auth,,,,no,,,,,,https://twitterapi.io/twitter-mcp-server,
twitterflightschool.com,Twitterflightschool,inconclusive,network unreachable,,,,no,,,,,,,
typekit.com,Typekit,none,,,,,no,,,,,,,
u.inhouse,U,no_dns,,,,,no,,,,,,,
ua.com,Ua,none,,,,,no,,,,,,,
uatdo.com,Uatdo,no_dns,,,,,no,,,,,,,
uber.com,Uber,confirmed,authwall,https://mcp.uber.com/claude/rides-3p/mcp,,,no,,,auth unclear (HTTP 403),,,,
uberinternal.com,Uberinternal,confirmed,authwall,https://mcp.uberinternal.com/mcp | https://mcp.uberinternal.com/sse | https://mcp.uberinternal.com/ | https://mcp.uberinternal.com/v1/mcp | https://mcp.uberinternal.com/api/mcp | https://mcp.uberinternal.com/mcp/,,,no,,,auth unclear (HTTP 401),,,,
ubnt.com,Ubnt,none,,,,,no,,,,,,,
ubnt.easyunifi,Ubnt,no_dns,,,,,no,,,,,,,
ubnt.plc,Ubnt,no_dns,,,,,no,,,,,,,
ubnt.ucrm,Ubnt,no_dns,,,,,no,,,,,,,
ubnt.umobile,Ubnt,no_dns,,,,,no,,,,,,,
ucverse.com,Ucverse,inconclusive,network unreachable,,,,no,,,,,,,
udemy.com,Udemy,confirmed,protected,https://api.udemy.com/mcp | https://api.udemy.com/mcp/,,,yes,yes,yes,,https://api.udemy.com,course:read mcp:read mcp:write lab:read offline,https://api.udemy.com/mcp,
uesmartradio.com,Uesmartradio,inconclusive,network unreachable,,,,no,,,,,,,
ugc.now,Ugc,inconclusive,network unreachable,,,,no,,,,,,,
ugc.trill,Ugc,no_dns,,,,,no,,,,,,,
ui.com,Ui,none,,,,,no,,,,,,,
uidapi.com,Uidapi,no_dns,,,,,no,,,,,,,
uisp.com,Uisp,none,,,,,no,,,,,,,
ultimateears.com,Ultimateears,none,,,,,no,,,,,,,
ultimateearsuniversity.com,Ultimateearsuniversity,no_dns,,,,,no,,,,,,,
ultramobile.com,Ultramobile,none,,,,,no,,,,,,,
uma.me,Uma,none,,,,,no,,,,,,,
uma.money,Uma,none,,,,,no,,,,,,,
unbounce.com,Unbounce,confirmed,prm,https://mcp.unbounce.com/mcp,,,yes,yes,yes,,https://mcp.unbounce.com,unbounce,https://developer.unbounce.com/api_reference/,
underarmour.cn,Underarmour,none,,,,,no,,,,,,,
underarmour.com,Underarmour,none,,,,,no,,,,,,,
underarmournext.com,Underarmournext,none,,,,,no,,,,,,,
unibet.com,Unibet,none,,,,,no,,,,,,,
unicdn.net,Unicdn,none,,,,,no,,,,,,,
unichain.org,Unichain,none,,,,,no,,,,,,,
unico.app,Unico,no_dns,,,,,no,,,,,,,
unico.io,Unico,none,,,,,no,,,,,,,
unico.run,Unico,none,,,,,no,,,,,,,
unidraw.io,Unidraw,none,,,,,no,,,,,,,
unifiedid.com,Unifiedid,none,,,,,no,,,,,,,
uniscan.xyz,Uniscan,none,,,,,no,,,,,,,
uniswap.org,Uniswap,none,,,,,no,,,,,,,
unit4cloud.com,Unit4Cloud,no_dns,,,,,no,,,,,,,
united.com,United,inconclusive,network unreachable,,,,no,,,,,,,
unitedcp.com,Unitedcp,none,,,,,no,,,,,,,
unity.com,Unity,doc_lead,,,,,no,,,,,,,
unity3d.com,Unity3D,doc_lead,,,,,no,,,,,,,
universalorlandovacations.com,Universalorlandovacations,none,,,,,no,,,,,,,
universalstudioshollywood.com,Universalstudioshollywood,none,,,,,no,,,,,,,
unreal-agents.com,Unreal Agents,confirmed,prm,https://mcp.unreal-agents.com/mcp | https://mcp.unreal-agents.com/sse | https://mcp.unreal-agents.com/ | https://mcp.unreal-agents.com/v1/mcp | https://mcp.unreal-agents.com/api/mcp | https://mcp.unreal-agents.com/mcp/,,,yes,yes,yes,,https://mcp.unreal-agents.com,mcp:* mcp:agents:* mcp:tools:* mcp:read,,
unrealeditorfortnite-win64-shipping.exe,Unrealeditorfortnite Win64 Shipping,no_dns,,,,,no,,,,,,,
unrealengine.com,Unrealengine,doc_lead,,,,,no,,,,,,,
unrealtournament.com,Unrealtournament,none,,,,,no,,,,,,,
unscreen.com,Unscreen,none,,,,,no,,,,,,,
upwork.com,Upwork,confirmed,prm,https://mcp.upwork.com/mcp,,,yes,yes,yes,,https://mcp.upwork.com,,https://api.upwork.com/mcp/sse`,
urbanclap.com,Urbanclap,none,,,,,no,,,,,,,
urbanclap.provider,Urbanclap,no_dns,,,,,no,,,,,,,
urbanclap.urbanclap,Urbanclap,no_dns,,,,,no,,,,,,,
urbancompany.com,Urban Company,confirmed,prm,https://mcp.urbancompany.com/mcp,,,yes,yes,yes,,https://mcp.urbancompany.com,,,
uri.sh,Uri,no_dns,,,,,no,,,,,,,
usaa.com,Usaa,none,,,,,no,,,,,,,
usaa360.com,Usaa360,no_dns,,,,,no,,,,,,,
usaainsurance.com,Usaainsurance,none,,,,,no,,,,,,,
uscc.com,Uscc,none,,,,,no,,,,,,,
uscc.net,Uscc,inconclusive,network unreachable,,,,no,,,,,,,
uscellular.com,Uscellular,none,,,,,no,,,,,,,
usdstandard.com,Usdstandard,none,,,,,no,,,,,,,
usenexus.org,Usenexus,none,,,,,no,,,,,,,
vacationhomerentals.com,Vacationhomerentals,none,,,,,no,,,,,,,
vaccination-info-service.fr,Vaccination Info Service,none,,,,,no,,,,,,,
valmo.in,Valmo,none,,,,,no,,,,,,,
valmo.valmo,Valmo,no_dns,,,,,no,,,,,,,
valvesoftware.com,Valvesoftware,none,,,,,no,,,,,,,
valvesoftware.steam,Valvesoftware,no_dns,,,,,no,,,,,,,
variational.io,Variational,confirmed,live,https://docs.variational.io/~gitbook/mcp,mcp-typescript server on vercel,docs-platform server,no,,,no auth required,,,,
varonis.com,Varonis,confirmed,protected,https://dev.varonis.com/mcp,,,yes,yes,yes,,https://dev.varonis.com,openid profile email offline_access,,
varonis.de,Varonis,inconclusive,network unreachable,,,,no,,,,,,,
varonis.es,Varonis,inconclusive,network unreachable,,,,no,,,,,,,
varonis.fr,Varonis,no_dns,,,,,no,,,,,,,
varonis.io,Varonis,none,,,,,no,,,,,,,
varonis.net,Varonis,no_dns,,,,,no,,,,,,,
varonis.ru,Varonis,inconclusive,network unreachable,,,,no,,,,,,,
vaxvacationaccess.com,Vaxvacationaccess,none,,,,,no,,,,,,,
vayama.com,Vayama,none,,,,,no,,,,,,,
velasvallarta.com,Velasvallarta,none,,,,,no,,,,,,,
vendhq.com,Vendhq,confirmed,authwall,https://mcp.vendhq.com/api/mcp,,,no,,,auth unclear (HTTP 401),,,,
vendormobile.android,Vendormobile,no_dns,,,,,no,,,,,,,
venmo.com,Venmo,none,,,,,no,,,,,,,
vennhypotheken.nl,Vennhypotheken,none,,,,,no,,,,,,,
veno.finance,Veno,confirmed,live,https://docs.veno.finance/~gitbook/mcp,mcp-typescript server on vercel,docs-platform server,no,,,no auth required,,,,
venturatvos.com,Venturatvos,none,,,,,no,,,,,,,
verily.com,Verily,none,,,,,no,,,,,,,
verily.me,Verily,no_dns,,,,,no,,,,,,,
verilyme.com,Verilyme,none,,,,,no,,,,,,,
verisign.com,Verisign,none,,,,,no,,,,,,,
vesper.finance,Vesper,confirmed,live,https://docs.vesper.finance/~gitbook/mcp,mcp-typescript server on vercel,docs-platform server,no,,,no auth required,,,,
vestr.com,Vestr,none,,,,,no,,,,,,,
vfsai.com,Vfsai,no_dns,,,,,no,,,,,,,
vfsevisa.cn,Vfsevisa,no_dns,,,,,no,,,,,,,
vfsevisa.com,Vfsevisa,none,,,,,no,,,,,,,
vfsevisa.id,Vfsevisa,none,,,,,no,,,,,,,
vfsglobal.by,Vfsglobal,none,,,,,no,,,,,,,
vfsglobal.com,Vfsglobal,none,,,,,no,,,,,,,
vfsglobalcustomerexperience.com,Vfsglobalcustomerexperience,inconclusive,network unreachable,,,,no,,,,,,,
vfsvisaonline.com,Vfsvisaonline,none,,,,,no,,,,,,,
vhx.tv,Vhx,none,,,,,no,,,,,,,
via.rider,Via,no_dns,,,,,no,,,,,,,
viator.com,Viator,confirmed,live,https://exp-app-mcp.prod.ep.viator.com/mcp,experiences-mcp,,no,,,no auth required,,,,
viatorinc.com,Viatorinc,no_dns,,,,,no,,,,,,,
vidaxl.io,Vidaxl,no_dns,,,,,no,,,,,,,
vidaxl.net,Vidaxl,none,,,,,no,,,,,,,
vidaxl.org,Vidaxl,inconclusive,network unreachable,,,,no,,,,,,,
videoeditor.moviemaker,Videoeditor,no_dns,,,,,no,,,,,,,
vilcsak.bitcoin2,Vilcsak,no_dns,,,,,no,,,,,,,
vimeo.com,Vimeo,confirmed,live,https://mcp.vimeo.com/mcp/sse | https://mcp.vimeo.com/mcp/server | https://mcp.vimeo.com/mcp | https://mcp.vimeo.com/sse | https://mcp.vimeo.com/v1/mcp | https://mcp.vimeo.com/api/mcp,VimeoMCP,,yes,yes,yes,,https://mcp.vimeo.com/,public private stats upload edit create,https://developer.vimeo.com/api/mcp-server,
vimeopro.com,Vimeopro,none,,,,,no,,,,,,,
vimla.io,Vimla,none,,,,,no,,,,,,,
vimla.se,Vimla,none,,,,,no,,,,,,,
vimla.work,Vimla,none,,,,,no,,,,,,,
vinci-vie.fr,Vinci Vie,none,,,,,no,,,,,,,
vinci.com,Vinci,none,,,,,no,,,,,,,
vine.co,Vine,none,,,,,no,,,,,,,
visa.com,Visa,confirmed,authwall,https://mcp.visa.com/mcp,,,no,,,auth unclear (HTTP 401),,,,
visa.fr,Visa,none,,,,,no,,,,,,,
visaacceptance.com,Visaacceptance,doc_lead,,,,,no,,,,,,,
visainfinite.ca,Visainfinite,none,,,,,no,,,,,,,
visainnovationprogram.com,Visainnovationprogram,none,,,,,no,,,,,,,
visamiddleeast.com,Visamiddleeast,none,,,,,no,,,,,,,
visaonchainanalytics.com,Visaonchainanalytics,none,,,,,no,,,,,,,
visauniversity.com,Visauniversity,none,,,,,no,,,,,,,
visma.blue,Visma,none,,,,,no,,,,,,,
visma.com,Visma,none,,,,,no,,,,,,,
visma.net,Visma,none,,,,,no,,,,,,,
vismaonline.com,Vismaonline,confirmed,rpcerror,https://developer.vismaonline.com/mcp,,,yes,yes,yes,,https://dash.readme.com/oidc,openid offline_access mcp:read mcp:write email profile,,
vistarmedia.com,Vistarmedia,confirmed,live,https://developers.vistarmedia.com/mcp,MCP server,docs-platform server,yes,yes,yes,,https://developers.vistarmedia.com,openid profile email offline_access,,
vistarmedia.eu,Vistarmedia,no_dns,,,,,no,,,,,,,
visualstudio.com,Visualstudio,none,,,,,no,,,,,,,
vivre-avec-la-chaleur.fr,Vivre Avec La Chaleur,none,,,,,no,,,,,,,
vk.cc,Vk,none,,,,,no,,,,,,,
vk.com,Vk,none,,,,,no,,,,,,,
vk.company,Vk,none,,,,,no,,,,,,,
vk.link,Vk,none,,,,,no,,,,,,,
vk.me,Vk,none,,,,,no,,,,,,,
vkplay.ru,Vkplay,none,,,,,no,,,,,,,
vkvideo.ru,VK,none,,,,,no,,,,,,,
vladcazino.ro,Vladcazino,none,,,,,no,,,,,,,
vliegwinkel.nl,Vliegwinkel,none,,,,,no,,,,,,,
vodafone.mva,Vodafone,no_dns,,,,,no,,,,,,,
vodafone.om,Vodafone,inconclusive,network unreachable,,,,no,,,,,,,
voicenet-solutions.com,Voicenet Solutions,none,,,,,no,,,,,,,
voikukka.fi,Voikukka,no_dns,,,,,no,,,,,,,
volkswagen.de,Volkswagen,none,,,,,no,,,,,,,
volosui.com,Volosui,none,,,,,no,,,,,,,
vom8x8.sipua,Vom8X8,no_dns,,,,,no,,,,,,,
voxcinemas.com,Voxcinemas,inconclusive,network unreachable,,,,no,,,,,,,
vrbo.android,Vrbo,no_dns,,,,,no,,,,,,,
vrbo.com,Vrbo,none,,,,,no,,,,,,,
vroid.com,Vroid,none,,,,,no,,,,,,,
vrt.be,Vrt,none,,,,,no,,,,,,,
vrt.radio,Vrt,none,,,,,no,,,,,,,
vrt.vrtnu,Vrt,no_dns,,,,,no,,,,,,,
vrtcdn.be,Vrtcdn,no_dns,,,,,no,,,,,,,
vvs.finance,Vvs,confirmed,live,https://docs.vvs.finance/~gitbook/mcp,mcp-typescript server on vercel,docs-platform server,no,,,no auth required,,,,
vwfs.cz,Vwfs,none,,,,,no,,,,,,,
vwfs.de,Vwfs,none,,,,,no,,,,,,,
vwfs.dk,Vwfs,inconclusive,network unreachable,,,,no,,,,,,,
vwfs.es,Vwfs,none,,,,,no,,,,,,,
vwfs.fr,Vwfs,none,,,,,no,,,,,,,
vwfs.gr,Vwfs,none,,,,,no,,,,,,,
vwfs.ie,Vwfs,none,,,,,no,,,,,,,
vwfs.it,Vwfs,none,,,,,no,,,,,,,
vwfs.kr,Vwfs,none,,,,,no,,,,,,,
vwfs.mx,Vwfs,inconclusive,network unreachable,,,,no,,,,,,,
vwfs.nl,Vwfs,inconclusive,network unreachable,,,,no,,,,,,,
vwfs.pl,Vwfs,none,,,,,no,,,,,,,
vwfs.pt,Vwfs,none,,,,,no,,,,,,,
vwfs.sk,Vwfs,none,,,,,no,,,,,,,
waermecheck.ch,Waermecheck,none,,,,,no,,,,,,,
wallet.tg,Wallet,none,,,,,no,,,,,,,
walletbot.me,Walletbot,none,,,,,no,,,,,,,
wallettg.com,Wallettg,no_dns,,,,,no,,,,,,,
wallettg.net,Wallettg,none,,,,,no,,,,,,,
wanyol.com,Wanyol,no_dns,,,,,no,,,,,,,
warhol.android,Warhol,no_dns,,,,,no,,,,,,,
wavecell.com,Wavecell,none,,,,,no,,,,,,,
wealthsimple.com,Wealthsimple,none,,,,,no,,,,,,,
wealthsimple.wealthsimple,Wealthsimple,no_dns,,,,,no,,,,,,,
wearable.breeno,Wearable,no_dns,,,,,no,,,,,,,
wearable.browser,Wearable,no_dns,,,,,no,,,,,,,
wearable.elves,Wearable,no_dns,,,,,no,,,,,,,
wearable.healthassessment,Wearable,no_dns,,,,,no,,,,,,,
wearable.market,Wearable,none,,,,,no,,,,,,,
wearable.research,Wearable,no_dns,,,,,no,,,,,,,
wearable.themestore,Wearable,no_dns,,,,,no,,,,,,,
wearehackerone.com,Wearehackerone,none,,,,,no,,,,,,,
weareone.world,Weareone,none,,,,,no,,,,,,,
web3auth.io,Web3Auth,confirmed,live,https://mcp.web3auth.io/,web3auth-embedded-wallets,,no,,,no auth required,,,https://mcp.web3auth.io`,
webauthn.me,Webauthn,none,,,,,no,,,,,,,
webmd.com,Webmd,none,,,,,no,,,,,,,
weebly.com,Weebly,confirmed,authwall,https://mcp.weebly.com/mcp | https://mcp.weebly.com/sse | https://mcp.weebly.com/v1/mcp | https://mcp.weebly.com/api/mcp | https://mcp.weebly.com/mcp/ | https://mcp.weebly.com/v1/sse,,,no,,,auth unclear (HTTP 403),,,,
weex.com,Weex,none,,,,,no,,,,,,,
welcomesoftware.com,Welcomesoftware,none,,,,,no,,,,,,,
wellsfargo.ceomobile,Wellsfargo,no_dns,,,,,no,,,,,,,
wellsfargo.com,Wellsfargo,confirmed,authwall,https://mcp.wellsfargo.com/mcp | https://mcp.wellsfargo.com/sse | https://mcp.wellsfargo.com/ | https://mcp.wellsfargo.com/v1/mcp | https://mcp.wellsfargo.com/api/mcp | https://mcp.wellsfargo.com/mcp/,,,no,,,auth unclear (HTTP 400),,,,
wellsfargoadvisors.com,Wellsfargoadvisors,none,,,,,no,,,,,,,
wenewmoments.com,Wenewmoments,none,,,,,no,,,,,,,
wf.ceomobile,Wf,no_dns,,,,,no,,,,,,,
wf.com,Wf,none,,,,,no,,,,,,,
wf.mobilebanking,Wf,no_dns,,,,,no,,,,,,,
wf.wellsfargomobile,Wf,no_dns,,,,,no,,,,,,,
wfmusaa.com,Wfmusaa,no_dns,,,,,no,,,,,,,
whatismode.com,Whatismode,none,,,,,no,,,,,,,
whatnot.com,Whatnot,none,,,,,no,,,,,,,
white.market,White,none,,,,,no,,,,,,,
whitebit.com,Whitebit,confirmed,live,https://docs.whitebit.com/mcp,,,yes,yes,yes,,https://docs.whitebit.com/mcp/oauth,mcp:search,,
whois.eu,Whois,inconclusive,network unreachable,,,,no,,,,,,,
whoop.android,Whoop,no_dns,,,,,no,,,,,,,
whoop.com,Whoop,doc_lead,,,,,no,,,,,,,
whoop.iphone,Whoop,no_dns,,,,,no,,,,,,,
whosampled.com,Whosampled,none,,,,,no,,,,,,,
whyisend.com,Whyisend,no_dns,,,,,no,,,,,,,
wickr.com,Wickr,none,,,,,no,,,,,,,
wien.at,Wien,none,,,,,no,,,,,,,
wienkav.at,Wienkav,inconclusive,network unreachable,,,,no,,,,,,,
wildberries.ru,Wildberries,none,,,,,no,,,,,,,
wimpmusic.com,Wimpmusic,none,,,,,no,,,,,,,
winticket.jp,Winticket,none,,,,,no,,,,,,,
wisdomtree.wtprime,Wisdomtree,no_dns,,,,,no,,,,,,,
wisdomtreeconnect.com,Wisdomtreeconnect,none,,,,,no,,,,,,,
wisdomtreeprimeapp.com,Wisdomtreeprimeapp,none,,,,,no,,,,,,,
wise-sandbox.com,Wise Sandbox,none,,,,,no,,,,,,,
wise.com,Wise,confirmed,live,https://docs.wise.com/mcp,MCP server,docs-platform server,yes,yes,yes,,https://docs.wise.com,openid profile email offline_access,,
withairbnb.com,Withairbnb,no_dns,,,,,no,,,,,,,
withings.com,Withings,confirmed,prm,https://withings.com/.well-known/oauth-protected-resource,,,yes,no,yes,,https://shop-account.withings.com,openid email customer-account-api:full customer-account-mcp-api:full,https://withings-mcp.com,Shopify storefront MCP
withings.net,Withings,confirmed,prm,https://withings.net/.well-known/oauth-protected-resource,,,yes,no,yes,,https://shop-account.withings.com,openid email customer-account-api:full customer-account-mcp-api:full,https://withings-mcp.com/mcp`,Shopify storefront MCP
withspotify.com,Withspotify,no_dns,,,,,no,,,,,,,
wlo.link,Wlo,none,,,,,no,,,,,,,
wmaudience.com,Wmaudience,none,,,,,no,,,,,,,
wmj.ru,Wmj,none,,,,,no,,,,,,,
wnba.com,Wnba,none,,,,,no,,,,,,,
wolt.android,Wolt,no_dns,,,,,no,,,,,,,
wolt.com,Wolt,none,,,,,no,,,,,,,
wolt.courierapp,Wolt,no_dns,,,,,no,,,,,,,
wonderboxapi.com,Wonderboxapi,inconclusive,network unreachable,,,,no,,,,,,,
wonderboxdev.com,Wonderboxdev,no_dns,,,,,no,,,,,,,
wooga.com,Wooga,none,,,,,no,,,,,,,
wooga.pearlsperil,Wooga,no_dns,,,,,no,,,,,,,
workbox.dk,Workbox,confirmed,prm,https://mcp.workbox.dk/mcp | https://mcp.workbox.dk/ | https://mcp.workbox.dk/mcp/,,,yes,yes,yes,,https://mcp.workbox.dk,dineropublicapi:read dineropublicapi:write offline_access,,
workfront.com,Workfront,inconclusive,network unreachable,,,,no,,,,,,,
world.org,World,confirmed,live,https://docs.world.org/mcp | https://developer.world.org/api/mcp,,,no,,,no auth required,,,,
worldcoin-distributors.com,Worldcoin Distributors,no_dns,,,,,no,,,,,,,
worldcoin.dev,Worldcoin,no_dns,,,,,no,,,,,,,
worldcoin.eth,Worldcoin,no_dns,,,,,no,,,,,,,
worldcoin.org,Worldcoin,confirmed,rpcerror,https://docs.worldcoin.org/mcp,,,no,,,auth unclear (HTTP 405),,,,
worldexplorers-win32-shipping.exe,Worldexplorers Win32 Shipping,no_dns,,,,,no,,,,,,,
worldfirst.com,Worldfirst,none,,,,,no,,,,,,,
worldscan.org,Worldscan,none,,,,,no,,,,,,,
worm.ioeatemall,Worm,no_dns,,,,,no,,,,,,,
wormhole.com,Wormhole,none,,,,,no,,,,,,,
wotif.android,Wotif,no_dns,,,,,no,,,,,,,
wotif.com,Wotif,none,,,,,no,,,,,,,
wowjobs.ca,Wowjobs,none,,,,,no,,,,,,,
wsop.gp,Wsop,no_dns,,,,,no,,,,,,,
wx16ml.info,Wx16Ml,no_dns,,,,,no,,,,,,,
wynnvacations.com,Wynnvacations,none,,,,,no,,,,,,,
wystar.com,Wystar,none,,,,,no,,,,,,,
wyze.com,Wyze,confirmed,live,https://wyze.com/api/mcp,storefront-renderer,,yes,no,yes,,https://account.wyze.com,openid email customer-account-api:full customer-account-mcp-api:full,https://www.wyze.com/api/ucp/mcp`,Shopify storefront MCP
wyzecam.com,Wyze,confirmed,prm,https://wyzecam.com/.well-known/oauth-protected-resource,,,yes,no,yes,,https://account.wyze.com,openid email customer-account-api:full customer-account-mcp-api:full,https://api.wyzecam.com`,Shopify storefront MCP
x.ai,X,none,,,,,no,,,,,,,
x.com,X,confirmed,live,https://docs.x.com/mcp,,,no,,,no auth required,,,https://x-preview.mintlify.app/tools/mcp,
x.grok,X,no_dns,,,,,no,,,,,,,
x.grokapp,X,no_dns,,,,,no,,,,,,,
x1.co,X1,none,,,,,no,,,,,,,
x1creditcard.com,X1Creditcard,none,,,,,no,,,,,,,
xadsacademy.com,xAds Academy,confirmed,prm,https://xadsacademy.com/mcp,,,yes,no,no,,https://www.xadsacademy.com/oauth2,admin ai_agent openid,https://www.xadsacademy.com/,
xelians.fr,Xelians,none,,,,,no,,,,,,,
xfinity.com,Xfinity,none,,,,,no,,,,,,,
xnxx.com,Xnxx,none,,,,,no,,,,,,,
xnxx.gold,Xnxx,none,,,,,no,,,,,,,
xoom.app,Xoom,inconclusive,network unreachable,,,,no,,,,,,,
xoom.com,Xoom,none,,,,,no,,,,,,,
xs2a.com,Xs2A,none,,,,,no,,,,,,,
xt.com,Xt,none,,,,,no,,,,,,,
xter.io,Xter,confirmed,live,https://docs.xter.io/~gitbook/mcp,mcp-typescript server on vercel,docs-platform server,no,,,no auth required,,,,
xterscan.io,Xterscan,none,,,,,no,,,,,,,
xvideos.com,Xvideos,none,,,,,no,,,,,,,
xvideos.net,Xvideos,inconclusive,network unreachable,,,,no,,,,,,,
xvideos.red,Xvideos,none,,,,,no,,,,,,,
xvservice.net,Xvservice,no_dns,,,,,no,,,,,,,
xvtest.net,Xvtest,no_dns,,,,,no,,,,,,,
xyzbmojn.net,Xyzbmojn,none,,,,,no,,,,,,,
yadifa.eu,Yadifa,none,,,,,no,,,,,,,
yearn.fi,Yearn,none,,,,,no,,,,,,,
yellowblocks.me,Yellowblocks,inconclusive,network unreachable,,,,no,,,,,,,
yellowpepper.com,Yellowpepper,none,,,,,no,,,,,,,
yelp.android,Yelp,no_dns,,,,,no,,,,,,,
yelp.com,Yelp,confirmed,rpcerror,https://docs.developer.yelp.com/mcp,,,yes,yes,yes,,https://dash.readme.com/oidc,openid offline_access mcp:read mcp:write email profile,https://business.yelp.com/data/solutions/ai-agents/,
yelpreservations.com,Yelpreservations,none,,,,,no,,,,,,,
yelptop100.com,Yelptop100,none,,,,,no,,,,,,,
yelpwifi.com,Yelpwifi,none,,,,,no,,,,,,,
yeswehack.com,Yeswehack,none,,,,,no,,,,,,,
ynab.com,Ynab,confirmed,protected,https://api.ynab.com/mcp | https://api.ynab.com/mcp/,,,yes,yes,yes,,https://app.ynab.com,mcp,https://mcpforynab.smirnovlabs.com/mcp`,
yo.xyz,Yo,confirmed,live,https://docs.yo.xyz/~gitbook/mcp,mcp-typescript server on vercel,docs-platform server,no,,,no auth required,,,,
yoobusiness.ru,Yoobusiness,none,,,,,no,,,,,,,
yookassa.ru,Yookassa,none,,,,,no,,,,,,,
yoomoney.ru,Yoomoney,none,,,,,no,,,,,,,
yotaplay.ru,Yotaplay,none,,,,,no,,,,,,,
yoti.com,Yoti,confirmed,live,https://developers.yoti.com/mcp,Yoti developer documentation MCP,docs-platform server,no,,,no auth required,,,,
yotisign.com,Yotisign,none,,,,,no,,,,,,,
youcouldbe.com,Youcouldbe,no_dns,,,,,no,,,,,,,
youdagames.monopolypoker,Youdagames,no_dns,,,,,no,,,,,,,
yourcompany.ppclient,Yourcompany,no_dns,,,,,no,,,,,,,
yourdelivery.de,Yourdelivery,none,,,,,no,,,,,,,
yoyogames.com,Yoyogames,none,,,,,no,,,,,,,
ys7.com,Ys7,none,,,,,no,,,,,,,
yuga.com,Yuga,none,,,,,no,,,,,,,
yugalabs.io,Yugalabs,inconclusive,network unreachable,,,,no,,,,,,,
zappos.android,Zappos,no_dns,,,,,no,,,,,,,
zappstore.pro,Zappstore,no_dns,,,,,no,,,,,,,
zcb.fr,Zcb,none,,,,,no,,,,,,,
zdev.net,Zdev,inconclusive,network unreachable,,,,no,,,,,,,
zecible.fr,Zecible,none,,,,,no,,,,,,,
zelle.com,Zelle,none,,,,,no,,,,,,,
zellepay.com,Zellepay,none,,,,,no,,,,,,,
zellepay.zelle,Zellepay,no_dns,,,,,no,,,,,,,
zendesk.com,Zendesk,confirmed,authwall,https://mcp.zendesk.com/api/mcp,,,yes,yes,yes,,https://mcp.zendesk.com/api/mcp/oauth,read write,,
zenlink.pro,Zenlink,none,,,,,no,,,,,,,
zerion.io,Zerion,confirmed,live,https://developers.zerion.io/mcp | https://developers.zerion.io/mcp/,,,no,,,no auth required,,,,
zero.network,Zero,none,,,,,no,,,,,,,
zhiliaoapp.musically,Zhiliaoapp,no_dns,,,,,no,,,,,,,
ziggy.android,Ziggy,no_dns,,,,,no,,,,,,,
zksafe.pro,Zksafe,none,,,,,no,,,,,,,
zksync.io,Zksync,none,,,,,no,,,,,,,
zoetryresorts.com,Zoetryresorts,none,,,,,no,,,,,,,
zomans.com,Zomans,none,,,,,no,,,,,,,
zomato.com,Zomato,confirmed,authwall,https://mcp-server.zomato.com/mcp,,,no,,,static API key / bearer token,,,,
zomato.district,Zomato,no_dns,,,,,no,,,,,,,
zoomex.com,Zoomex,none,,,,,no,,,,,,,
zoop.ws,Zoop,none,,,,,no,,,,,,,
zooplus.com,Zooplus,none,,,,,no,,,,,,,
zooplus.de,Zooplus,none,,,,,no,,,,,,,
zooplus.net,Zooplus,no_dns,,,,,no,,,,,,,
zora.energy,Zora,none,,,,,no,,,,,,,
zyro.com,Zyro,inconclusive,network unreachable,,,,no,,,,,,,
